data-id,城市,印象,城市游记,印象游记,景点游记,餐饮游记,购物游记,娱乐游记
28261,恰西,,0,0,0,0,0,0
24660,栾川,,272,0,0,0,0,0
10446,宜兴,,503,0,0,0,0,0
10186,丽江,艳遇 酒吧 腊排骨 徒步 水性杨花 披肩 酥油茶 特产店,15492,15190,1652,3381,1560,8597
15992,塔尔寺,,256,0,0,0,0,0
13326,许昌,,0,0,0,0,0,0
11558,南通,,305,0,0,0,0,0
10487,大理,古村 苍山 酒吧 购物 乳扇 破酥粑粑 饵丝 茶馆 歌舞表演,10899,12103,6134,2269,1113,2587
11304,马牙雪山,,0,0,0,0,0,0
14499,商丘,,0,0,0,0,0,0
17362,昆山,,269,0,0,0,0,0
10807,昆明,花 特色餐厅 八景 红嘴鸥 酒吧 歌舞表演 商业街 老奶洋芋 汽锅鸡,4582,5144,2806,1198,335,805
174170,策勒县,,0,0,0,0,0,0
14186,平顶山,,90,0,0,0,0,0
35641,香炉寺,,0,0,0,0,0,0
11773,泰州,,229,0,0,0,0,0
10121,泸沽湖,岛 游湖 篝火晚会 家访 猪膘肉 咣当酒 酥理玛酒 花椒 香菇,7419,5318,2148,399,72,2699
10733,济源,,122,0,0,0,0,0
18045,西夏王陵,,38,0,0,0,0,0
14458,兴化,必游 吃货指南 早茶 深度游 小吃 熏烧 土特产 中庄醉蟹,457,253,150,103,0,0
10482,香格里拉,转经筒 酒吧 酥油茶 特色小店 日照金山 酸奶 藏民家访 青稞酒 花海,4252,3875,1441,1116,435,883
32080,驻马店,,49,0,0,0,0,0
16651,大河沿,,0,0,0,0,0,0
10554,太湖,,631,0,0,0,0,0
64164,林州,,214,0,0,0,0,0
10809,西双版纳,原生态歌舞 佛寺 水果 烤鱼 漂流 酸笋 神秘果 小粒咖啡 龙血树,3525,1209,286,453,45,425
16933,冰晶顶,,0,0,0,0,0,0
10157,常熟,,460,0,0,0,0,0
25503,漯河,,36,0,0,0,0,0
10651,腾冲,温泉 大救驾 火山石 饵丝 稀豆粉 道观 玉器 纸伞,2383,975,58,357,186,374
24878,南五台山,,0,0,0,0,0,0
10436,f直,,243,0,0,0,0,0
64199,辉县,,112,0,0,0,0,0
18234,翠华山,,0,0,0,0,0,0
15950,双廊,周边岛屿 名人别墅 乳扇 酸辣鱼 集市 餐厅 煎银鱼 梅果,1595,1171,767,155,249,0
17986,五彩湾,,0,0,0,0,0,0
13756,淮安,,209,0,0,0,0,0
16684,巩义,,121,0,0,0,0,0
10018,束河,酒吧 夜市萤火 凉粉 杂货店 雪山倒映 烟柳平桥 酥油茶 餐厅 火腿,817,897,330,177,94,296
11347,江布拉克,,0,0,0,0,0,0
15820,盐城,,145,0,0,0,0,0
14445,周口,,32,0,0,0,0,0
10819,台北,夜市 西门町 自然风光 下午茶 书店 早餐 人文艺术 夜生活 温泉,6308,6814,2026,2684,803,1301
24202,镇北堡影视城,,35,0,0,0,0,0
11484,濮阳,,45,0,0,0,0,0
50311,溧阳,,331,0,0,0,0,0
12430,关山牧场,,0,0,0,0,0,0
21434,垦丁,海滩 自然美景 夜市 垦丁大街 电影 小吃 鱼生 夜宿海生馆 酒吧,1588,2736,1333,824,381,198
24270,鹤壁,,50,0,0,0,0,0
84751,江宁,,55,0,0,0,0,0
19265,博斯腾湖,,0,0,0,0,0,0
15325,花莲,公正包子 森林 炸弹葱油饼 麻薯 太平洋 亲子 出海,1067,2584,1061,1444,0,79
64160,修武,,0,0,0,0,0,0
11416,锦溪,,327,0,0,0,0,0
16585,鳌山,,0,0,0,0,0,0
12658,法门寺,,0,0,0,0,0,0
66292,新郑,,30,0,0,0,0,0
11065,高雄,自然风光 夜市 都市风情 骑行 海鲜 夕阳 木瓜牛奶 侨美凤梨酥 酒吧&咖啡馆,751,1911,788,662,71,390
12251,江阴,,127,0,0,0,0,0
17979,卡拉库里湖,,0,0,0,0,0,0
15961,鲁山,,0,0,0,0,0,0
15966,常州恐龙园,,185,0,0,0,0,0
16405,台中,糕饼 自然风光 逢甲夜市 人文艺术 大肠包小肠 看电影 俊美凤梨酥 温泉泡汤 太阳饼,729,703,198,334,74,97
18046,水洞沟,,0,0,0,0,0,0
16887,淮阳,,0,0,0,0,0,0
10429,太仓,,121,0,0,0,0,0
23039,九份,神隐少女-九份山城 芋圆 茶楼与咖啡馆 黑糖麻^ 红糟肉圆 草仔@ 芋@,346,1016,480,296,91,149
16814,统万城,,0,0,0,0,0,0
14760,神,,0,0,0,0,0,0
23129,宿迁,,114,0,0,0,0,0
18047,海宝塔,,0,0,0,0,0,0
63871,西峡,,0,0,0,0,0,0
10044,阿里山,城市攻略>,372,0,0,0,0,0
48962,嵩县,,0,0,0,0,0,0
14774,木渎,,174,0,0,0,0,0
11424,崆峒山,,87,0,0,0,0,0
25339,金门,金门高粱酒 贡糖 金门牛肉干 广东粥 蚵仔面线 锅贴,612,0,0,0,0,0
140540,新密,,0,0,0,0,0,0
17397,高淳,,0,0,0,0,0,0
36362,纺织城艺术区,,0,0,0,0,0,0
66293,禹州,,0,0,0,0,0,0
11064,台南,历史古城 古早味小吃 安平古堡 百年饼铺 老房子咖啡馆 棺材板 虾卷 糕饼伴手礼 黑桥香肠,399,439,178,132,88,41
17664,丹阳,,0,0,0,0,0,0
28459,黄帝陵,,0,0,0,0,0,0
66287,灵宝,,0,0,0,0,0,0
18012,天山大峡谷,,0,0,0,0,0,0
59341,张家港,,67,0,0,0,0,0
12141,雨崩,雨崩村 经幡 酥油茶 青稞酒 农家乐 五树同根,1742,1227,842,385,0,0
64469,荥阳,,0,0,0,0,0,0
18013,克孜尔千佛洞,,0,0,0,0,0,0
18179,惠山古镇,,123,0,0,0,0,0
15943,玉龙雪山,,833,0,0,0,0,0
18032,艾提尕尔清真寺,,0,0,0,0,0,0
63870,新安,,25,0,0,0,0,0
84582,汤山,,0,0,0,0,0,0
66252,宁蒗彝族自治县,,0,0,0,0,0,0
18006,龟兹古城,,0,0,0,0,0,0
66295,遂平,,0,0,0,0,0,0
17746,盱眙,,59,0,0,0,0,0
16799,赛里木湖,,0,0,0,0,0,0
140612,汝州,,0,0,0,0,0,0
27224,迪庆,,60,0,0,0,0,0
17316,千灯,,0,0,0,0,0,0
20927,七一冰川,,27,0,0,0,0,0
64166,汤阴,,0,0,0,0,0,0
10806,梅里雪山,酒吧 美食餐厅 飞来寺观景台 外转山 内转山 耗牛火锅,1095,273,87,88,0,98
21529,茅山,,0,0,0,0,0,0
174194,可克达拉市,,0,0,0,0,0,0
140566,鄢陵,,0,0,0,0,0,0
10337,如皋,,52,0,0,0,0,0
10810,普者黑,游湖 辣椒 彝族歌舞表演 莲藕 荷叶炒蛋 餐厅 小黑药炖鸡 腰豆,1110,38,0,0,13,25
11359,刘家峡,,0,0,0,0,0,0
64167,商城县,,0,0,0,0,0,0
140688,启东,,0,0,0,0,0,0
18303,景洪,,212,0,0,0,0,0
18007,库木塔格沙漠,,38,0,0,0,0,0
140557,永城,,23,0,0,0,0,0
21034,高邮,,61,0,0,0,0,0
14296,博格达峰,,0,0,0,0,0,0
143793,中牟,,0,0,0,0,0,0
11660,元阳,梯田 云海 蘑菇房 赶集 牛肉 哈尼餐厅 烧豆腐 牛干巴,855,643,544,45,54,0
63220,句容,,0,0,0,0,0,0
16018,麦积山,,121,0,0,0,0,0
143782,偃师,,0,0,0,0,0,0
18048,溧水,,0,0,0,0,0,0
10808,罗平,螺蛳田 九龙瀑布 油菜花海 农家乐 蜂蜜 花米饭 砂锅饭 小黄姜,806,769,536,158,75,0
17808,南郭寺,,0,0,0,0,0,0
146823,封门村,,0,0,0,0,0,0
18896,东台,,50,0,0,0,0,0
30112,官鹅沟,,0,0,0,0,0,0
64937,恒春,绿豆馔 鱼生 乌鱼子 鱼干&鱼松 小米酒 手工编织链 夜宿海生馆 酒吧,38,0,0,0,0,0
64181,鹿邑,,0,0,0,0,0,0
27820,泰兴,,0,0,0,0,0,0
17913,交河故城,,0,0,0,0,0,0
64159,舞钢,,0,0,0,0,0,0
27771,屏东,垦丁大街 传统小吃 海鲜 夜宿海生馆 潜水 酒吧 鱼干&鱼松 东港鱼市场,62,2760,0,2090,32,638
19818,如东,,0,0,0,0,0,0
16895,黄河石林,,0,0,0,0,0,0
66289,沁阳,,0,0,0,0,0,0
11067,日月潭,,342,0,0,0,0,0
55434,邳州,,0,0,0,0,0,0
174347,平川区,,0,0,0,0,0,0
64200,卫辉,,0,0,0,0,0,0
64640,靖江,,0,0,0,0,0,0
12594,南投,日月潭 自然风光 酒之乡 小吃 人文怀旧 精品下午茶 手工巧克力 妖怪村 总统鱼,289,910,550,116,183,61
17998,新疆天鹅湖,,0,0,0,0,0,0
140562,方城,,0,0,0,0,0,0
64639,大丰,,0,0,0,0,0,0
143784,桐柏,,0,0,0,0,0,0
25340,台东,城市攻略>,366,0,0,0,0,0
10444,青岛,八大关 啤酒 公园 海鲜 劈柴院 烧烤 海水浴场 咖啡馆 血拼,13512,11623,4951,4045,416,2211
22266,黎里古镇,,0,0,0,0,0,0
66288,孟津,,0,0,0,0,0,0
26088,淡水,淡水古早美食 观渔人码头的夕阳 骑行 淡水珍珠 鱼酥,194,283,0,113,25,145
23995,太仓沙溪,,36,0,0,0,0,0
10575,济南,泉 山 芙蓉街 小吃 乘游船 老舍 油旋 听戏 阿胶,4122,3376,2269,890,0,217
18511,新野,,0,0,0,0,0,0
64642,海门,,0,0,0,0,0,0
22346,嘉义,,67,0,0,0,0,0
10284,泰山,寺庙宗祠 石碑篆刻 奇峰异石 煎饼 手信 烧烤 鲁菜 石敢当,4092,1660,1159,378,123,0
64158,郏县,,0,0,0,0,0,0
141611,金坛,,0,0,0,0,0,0
140568,民权县,,0,0,0,0,0,0
62975,新北,城市攻略>,75,0,0,0,0,0
10256,威海,海滨 海鲜 烧烤 垂钓 韩式料理 购物 韩国商品 泡温泉 刺参,1670,783,375,292,47,69
64641,海安,,0,0,0,0,0,0
143783,南召,,0,0,0,0,0,0
16211,宜兰,泡温泉 葱油饼 肉羹 包心粉圆 滑翔伞 宜兰饼（牛舌饼）,216,71,0,12,0,59
11243,烟台,海鲜 亲子 海滩娱乐 海产 水果 鲁菜 名酒 蓬莱小面 泡温泉,1334,1373,252,549,361,211
20416,溱潼古镇,,21,0,0,0,0,0
10795,南街村,,0,0,0,0,0,0
64634,新沂,,0,0,0,0,0,0
15812,瑞丽,玉石 边境口岸 米线 水果 泡鲁达 珠宝城,346,212,0,84,128,0
140689,淅川,,0,0,0,0,0,0
10805,日照,海水浴场 海鲜 花蛤 玩海 赶海 工艺品 少人景点 鲜海鲜 煎饼,1312,1071,335,375,140,221
64637,扬中,,0,0,0,0,0,0
143772,滑县,,0,0,0,0,0,0
12715,德钦,,124,0,0,0,0,0
11817,泰安,,426,0,0,0,0,0
10430,枫桥古镇,,0,0,0,0,0,0
64162,泌阳,,0,0,0,0,0,0
10481,虎跳峡,,675,0,0,0,0,0
11270,长岛,奇礁异石 群岛 日出日落 打渔垂钓 鲜鱼水饺 亲子 鱼翅鲍鱼 工艺品 铁板鱿鱼,1624,784,410,76,76,222
84556,江都,,0,0,0,0,0,0
64168,淇县,,0,0,0,0,0,0
140673,汝阳,,0,0,0,0,0,0
15060,建水,,529,0,0,0,0,0
64635,洪泽,,17,0,0,0,0,0
10443,蓬莱,必游景点 海鲜 八仙酒品 海鲜饭馆 鲜鱼水饺 海产干货 裙带菜,774,645,241,260,144,0
63873,社旗,,0,0,0,0,0,0
176321,沭阳县,,0,0,0,0,0,0
11871,红河,,278,0,0,0,0,0
11244,曲阜,建筑 古文化 煎饼 孔子纪念品 购物街 鲁菜 孔府宴 孔府家酒 看演出,599,296,158,77,61,0
64169,浚县,,0,0,0,0,0,0
84494,仪征,,0,0,0,0,0,0
10650,东川,城市攻略>,485,0,0,0,0,0
64179,项城,,0,0,0,0,0,0
11707,潍坊,,281,0,0,0,0,0
64632,沛县,,0,0,0,0,0,0
143780,洛宁,,0,0,0,0,0,0
176363,东海县,,0,0,0,0,0,0
10165,石林,,486,0,0,0,0,0
12819,临沂,,358,0,0,0,0,0
84721,固始,,0,0,0,0,0,0
140758,射阳,,0,0,0,0,0,0
11533,玉溪,古镇 玉溪米线 温泉 江川大头鱼 购物 秘境 澄江藕粉 山水风光 青松烧鸭,203,286,187,63,0,36
17019,台儿庄,,630,0,0,0,0,0
63872,内乡,,0,0,0,0,0,0
64633,睢宁,,0,0,0,0,0,0
10523,怒江,,370,0,0,0,0,0
11705,淄博,,299,0,0,0,0,0
175769,新县,,0,0,0,0,0,0
147280,明月湾村,,0,0,0,0,0,0
64163,汝南,,0,0,0,0,0,0
176384,宝应县,,0,0,0,0,0,0
11400,崂山,,542,0,0,0,0,0
58705,桃园,城市攻略>,70,0,0,0,0,0
140560,邓州,,0,0,0,0,0,0
176294,丰县,,0,0,0,0,0,0
13113,济宁,,121,0,0,0,0,0
145920,北投,北投温泉亲水公园 温泉豆腐 温泉蛋,35,0,0,0,0,0
141609,兰考,,0,0,0,0,0,0
176312,泗洪县,,0,0,0,0,0,0
11708,枣庄,,159,0,0,0,0,0
64928,仁爱,,0,0,0,0,0,0
143803,舞阳,,0,0,0,0,0,0
140570,阜宁,,0,0,0,0,0,0
11921,东营,,213,0,0,0,0,0
66294,确山,,0,0,0,0,0,0
176318,泗阳县,,0,0,0,0,0,0
11063,基隆,海鲜 美食餐厅 天妇罗,64,46,0,46,0,0
143774,武陟,,0,0,0,0,0,0
143708,永联村,,0,0,0,0,0,0
11936,德州,,88,0,0,0,0,0
10360,绿岛,浮潜 朝日温泉 绿岛美食 环岛 酥炸飞鱼 鹿肉料理 海草麻^ 旗鱼酥,167,82,0,20,0,62
64161,襄城,,0,0,0,0,0,0
64638,建湖,,0,0,0,0,0,0
11926,聊城,,126,0,0,0,0,0
11066,澎湖,澎湖美食 仙人掌果及其他制品 浮潜,181,81,0,70,0,11
175763,罗山县,,0,0,0,0,0,0
64636,灌云,,0,0,0,0,0,0
15962,青州,,343,0,0,0,0,0
58033,平溪,烤香肠 平溪站 十分站 菁桐,81,0,0,0,0,0
176408,滨海县,,0,0,0,0,0,0
140567,渑池,,0,0,0,0,0,0
21747,黄岛,,160,0,0,0,0,0
182219,瑞芳,,0,0,0,0,0,0
140558,博爱县,,0,0,0,0,0,0
176405,响水县,,0,0,0,0,0,0
11820,菏泽,,0,0,0,0,0,0
143788,义马,,0,0,0,0,0,0
18571,张浦,,0,0,0,0,0,0
29429,彰化,城市攻略>,56,0,0,0,0,0
55762,荣成,,176,0,0,0,0,0
140582,镇平,,0,0,0,0,0,0
176336,涟水县,,0,0,0,0,0,0
24185,保山,古村落 温泉 滇西战争 饵丝 火山石纪念品 大救驾 侨乡 稀豆粉 保山特产,56,2212,1077,465,219,451
17303,烟墩角,,0,0,0,0,0,0
143789,长垣,,0,0,0,0,0,0
176324,金湖县,,0,0,0,0,0,0
11494,楚雄,,162,0,0,0,0,0
140571,原阳,,0,0,0,0,0,0
176369,灌南县,,0,0,0,0,0,0
11436,莱芜,,89,0,0,0,0,0
143797,西华,,0,0,0,0,0,0
23992,紫金山,,0,0,0,0,0,0
16491,和顺,,383,0,0,0,0,0
11612,乳山,,135,0,0,0,0,0
143802,正阳,,0,0,0,0,0,0
18728,洋口港,,0,0,0,0,0,0
17298,弥勒,,333,0,0,0,0,0
20482,滨州,,44,0,0,0,0,0
143785,宝丰,,0,0,0,0,0,0
29785,明孝陵,,0,0,0,0,0,0
21358,普洱,,214,0,0,0,0,0
16768,龙口,,113,0,0,0,0,0
140617,长葛,,0,0,0,0,0,0
17763,夫子庙,,110,0,0,0,0,0
12643,曲靖,小吃 古镇 公园 自然景观 花山带皮羊肉 蒸饵丝 火腿 购物街 温泉,130,276,126,105,32,13
64454,海阳,,66,0,0,0,0,0
143781,伊川,,0,0,0,0,0,0
16588,阳澄湖,,0,0,0,0,0,0
15960,周村,,0,0,0,0,0,0
66296,临颍,,0,0,0,0,0,0
24834,澄江,,181,0,0,0,0,0
26752,玄武湖,,0,0,0,0,0,0
28294,沂水,,0,0,0,0,0,0
140569,宜阳,,0,0,0,0,0,0
17764,中山陵,,0,0,0,0,0,0
15946,沙溪,,382,0,0,0,0,0
11276,高密,,0,0,0,0,0,0
11277,洪泽湖,,0,0,0,0,0,0
143786,叶县,,0,0,0,0,0,0
66251,玉龙纳西族自治县,,0,0,0,0,0,0
84781,城阳,,0,0,0,0,0,0
38737,林屋洞,,0,0,0,0,0,0
143795,沈丘,,0,0,0,0,0,0
64946,新城,,0,0,0,0,0,0
64380,即墨,,0,0,0,0,0,0
44093,金鸡湖,,0,0,0,0,0,0
175811,宁陵县,,0,0,0,0,0,0
41874,栖霞寺,,0,0,0,0,0,0
22069,滕州,,64,0,0,0,0,0
175805,睢县,,0,0,0,0,0,0
23044,礁溪,,0,0,0,0,0,0
18318,盛泽湖,,0,0,0,0,0,0
64381,栖霞,,0,0,0,0,0,0
175766,光山县,,0,0,0,0,0,0
25327,苗栗,城市攻略>,49,0,0,0,0,0
18281,莱州,,0,0,0,0,0,0
175823,夏邑县,,0,0,0,0,0,0
18238,山塘街,,64,0,0,0,0,0
52237,兰屿,城市攻略>,101,0,0,0,0,0
143800,西平,,0,0,0,0,0,0
25539,大明寺,,0,0,0,0,0,0
25946,邹城,,70,0,0,0,0,0
58690,新竹,城市攻略>,50,0,0,0,0,0
143798,平舆,,0,0,0,0,0,0
18168,陆巷,,0,0,0,0,0,0
25191,章丘,,52,0,0,0,0,0
18279,唐河,,0,0,0,0,0,0
139549,嘉义县,城市攻略>,0,0,0,0,0,0
25664,瘦西湖,,103,0,0,0,0,0
56775,东平,,0,0,0,0,0,0
143790,封丘,,0,0,0,0,0,0
145817,西湖乡,,0,0,0,0,0,0
14580,天目湖,,157,0,0,0,0,0
17889,临朐,,56,0,0,0,0,0
143787,卢氏,,0,0,0,0,0,0
64947,吉安乡,,0,0,0,0,0,0
17765,鼋头渚,,0,0,0,0,0,0
64330,莒南,,0,0,0,0,0,0
175676,温县,,0,0,0,0,0,0
173540,竹崎乡,,0,0,0,0,0,0
26013,宝华山,,0,0,0,0,0,0
55759,鸡鸣岛,,0,0,0,0,0,0
143796,太康,,0,0,0,0,0,0
15964,花果山,,0,0,0,0,0,0
15949,喜洲,,200,0,0,0,0,0
84692,胶州,,16,0,0,0,0,0
175802,郸城县,,0,0,0,0,0,0
15965,栖霞山,,0,0,0,0,0,0
11827,昭通,,212,0,0,0,0,0
140619,诸城,,19,0,0,0,0,0
64177,扶沟,,0,0,0,0,0,0
48611,留园,,0,0,0,0,0,0
175808,柘城县,,0,0,0,0,0,0
64232,蒙阴,,0,0,0,0,0,0
23865,文山,砚山米线 古村 三七汽锅鸡 腊科火腿 山水风光 花糯米饭 平坝荞酥 壮酒,52,113,54,59,0,0
24367,天平山,,0,0,0,0,0,0
143804,清丰,,0,0,0,0,0,0
66309,微山,,33,0,0,0,0,0
17824,丙中洛,神山 石头粑粑 板栗 丙中洛徒步 独龙毯 蛋酒 怒江徒步 农家菜,201,15,15,0,0,0
18269,溱湖,,0,0,0,0,0,0
175820,虞城县,,0,0,0,0,0,0
66311,文登,,0,0,0,0,0,0
42813,锡惠公园,,0,0,0,0,0,0
30426,芒市,,110,0,0,0,0,0
143778,杞县,,0,0,0,0,0,0
64376,寿光,,0,0,0,0,0,0
22136,坝美,,171,0,0,0,0,0
10088,广州,古村 羊城八景 购物 欧陆风情 珠江夜游 茶楼 购物街 汤 肠粉,14564,8130,4282,1493,1735,620
175673,孟州市,,0,0,0,0,0,0
144211,费县,,0,0,0,0,0,0
175691,上街区,,0,0,0,0,0,0
19625,德宏,,103,0,0,0,0,0
10198,深圳,村 亲子 主题公园 文化场所 罗湖 购物 东门 酒吧 鲜蚝,8284,2974,2036,37,493,408
63815,平邑,,35,0,0,0,0,0
143773,内黄,,0,0,0,0,0,0
63577,蒙自,,86,0,0,0,0,0
140539,梁山县,,0,0,0,0,0,0
10269,珠海,岛 海鲜 拱北 温泉 游船环岛 横琴蚝 海鲜街 吉大 前山,3355,847,335,245,187,80
175772,潢川县,,0,0,0,0,0,0
15954,哈巴雪山,,246,0,0,0,0,0
23991,新泰,,0,0,0,0,0,0
11475,惠州,海岛 古城 餐厅 温泉 购物 米粉 梅菜 酿豆腐 白切鸡,1901,370,277,41,16,36
143799,上蔡,,0,0,0,0,0,0
140800,商河,,0,0,0,0,0,0
64927,鱼池,,0,0,0,0,0,0
143801,新蔡,,0,0,0,0,0,0
13394,佛山,南派武术 双皮奶 陶瓷 舞狮 步行街 粤剧 佛山小吃 牛杂 岭南建筑,1371,351,108,98,81,64
34195,沂源,,0,0,0,0,0,0
58689,马祖,,0,0,0,0,0,0
143776,尉氏,,0,0,0,0,0,0
12334,东莞,免费景点 下坝坊 鸦片战争 东莞小吃 东莞购物 亲子游 咖啡馆 粤菜 腊肠,1432,156,137,19,0,0
144195,郓城,,0,0,0,0,0,0
64165,息县,,0,0,0,0,0,0
64936,琉球,城市攻略>,63,0,0,0,0,0
64442,招远,,0,0,0,0,0,0
13063,汕头,牛肉丸 肠粉 @条 功夫茶 荔枝 游乐场 酒吧 束砂 D城八景,1141,457,0,446,0,11
175778,祥符区,,0,0,0,0,0,0
64923,鹿港,城市攻略>,22,0,0,0,0,0
84516,兖州,,0,0,0,0,0,0
175658,吉利区,,0,0,0,0,0,0
10779,韶关,美景 步行街 温泉 坑螺 马蹄 白果 酒吧 餐厅 扣肉,1454,461,259,16,102,84
64941,成功,,73,0,0,0,0,0
144191,单县,,0,0,0,0,0,0
143792,延津,,0,0,0,0,0,0
75897,金山,,0,0,0,0,0,0
10503,顺德,,972,0,0,0,0,0
175835,台前县,,0,0,0,0,0,0
64378,平度,,0,0,0,0,0,0
175832,范县(濮阳市),,0,0,0,0,0,0
23833,云林,,0,0,0,0,0,0
64379,五莲,,0,0,0,0,0,0
11449,潮州,,1280,0,0,0,0,0
143805,南乐,,0,0,0,0,0,0
139409,沂南,,21,0,0,0,0,0
64868,罗东,,0,0,0,0,0,0
10514,中山,,845,0,0,0,0,0
175688,马村区,,0,0,0,0,0,0
140764,齐河,,0,0,0,0,0,0
75910,中坜,,0,0,0,0,0,0
26496,番禺,,429,0,0,0,0,0
143791,获嘉,,0,0,0,0,0,0
144208,临清,,0,0,0,0,0,0
63071,丘北,,32,0,0,0,0,0
175775,淮滨县,,0,0,0,0,0,0
10548,清远,,743,0,0,0,0,0
84680,莱阳,,0,0,0,0,0,0
16394,元谋,,165,0,0,0,0,0
143775,通许,,0,0,0,0,0,0
12475,湛江,海岛 海鲜 广州湾 温泉 小吃 菠萝 步行街 湛江八景 南珠,677,284,143,110,12,19
64377,莒县,,0,0,0,0,0,0
143794,商水县,,0,0,0,0,0,0
17543,临沧,,87,0,0,0,0,0
176120,博山区,,0,0,0,0,0,0
10778,肇庆,裹蒸粽 端砚 豆腐花 餐厅 踏青 肇庆八景 竹笋 天葵,744,111,0,84,27,0
21770,大缮,,0,0,0,0,0,0
17823,诺邓,,141,0,0,0,0,0
19451,大钦岛,,0,0,0,0,0,0
167129,广州长隆旅游度假区,,0,0,0,0,0,0
19409,龙峪湾,,0,0,0,0,0,0
18302,勐腊,,36,0,0,0,0,0
66310,邹平,,0,0,0,0,0,0
25867,函谷关,,0,0,0,0,0,0
11479,阳江,,561,0,0,0,0,0
176069,长清区,,0,0,0,0,0,0
15948,剑川,,96,0,0,0,0,0
16921,酷山,,0,0,0,0,0,0
18381,巽寮湾,乘船出海 潜水 商业街 海鲜餐厅 惠州梅菜 梅菜扣肉 酿豆腐 博罗凉果,751,106,0,0,0,106
144199,平阴,,0,0,0,0,0,0
32205,红旗渠,,0,0,0,0,0,0
18459,会泽,,105,0,0,0,0,0
12691,江门,海鲜宴 小吃 特产 温泉之乡 人文古迹 美食街 侨乡八景 酒吧 腐乳,384,423,43,262,59,59
84562,汶上,,0,0,0,0,0,0
26450,河南老君山,,0,0,0,0,0,0
23457,巍山,,91,0,0,0,0,0
144209,阳谷,,0,0,0,0,0,0
18985,薄山湖,,0,0,0,0,0,0
10507,开平,碉楼 影视开平 碉楼群 豆腐角 黄鳝饭 白切乳羊 马冈鹅 水口白菜干,739,823,668,155,0,0
63566,鹤庆,,0,0,0,0,0,0
144202,鱼台,,0,0,0,0,0,0
19414,始祖山,,0,0,0,0,0,0
18478,海陵岛,,612,0,0,0,0,0
64943,池上,,23,0,0,0,0,0
140763,安丘,,0,0,0,0,0,0
31559,康百万庄园,,0,0,0,0,0,0
18929,南澳岛,,464,0,0,0,0,0
145863,太麻里,,0,0,0,0,0,0
144182,庆云,,0,0,0,0,0,0
27233,神农山,,0,0,0,0,0,0
145844,狮子,,0,0,0,0,0,0
144213,郯城,,0,0,0,0,0,0
10447,梅州,,484,0,0,0,0,0
175661,石龙区,,0,0,0,0,0,0
145858,关山,,0,0,0,0,0,0
144205,高唐,,0,0,0,0,0,0
18341,从化,,0,0,0,0,0,0
10734,殷墟,,38,0,0,0,0,0
176105,兰陵县,,0,0,0,0,0,0
64926,埔里,,20,0,0,0,0,0
22113,南雄,,500,0,0,0,0,0
18903,小浪底,,0,0,0,0,0,0
144214,莱西,,0,0,0,0,0,0
145853,枋寮,石斑鱼 樱花虾 油鱼子 休闲码头,0,0,0,0,0,0
21947,万仙山,,81,0,0,0,0,0
18253,惠东,,538,0,0,0,0,0
144186,广饶,,0,0,0,0,0,0
19937,永泰寺,,0,0,0,0,0,0
13022,河源,,368,0,0,0,0,0
64867,苏澳,,0,0,0,0,0,0
144194,巨野,,0,0,0,0,0,0
64932,水上乡,,0,0,0,0,0,0
10774,呼伦贝尔,草原 俄罗斯风情 森林 骑马 奶茶 手扒肉 蘑菇 俄餐 风干牛肉干,10316,4853,3299,715,321,518
144187,垦利,,0,0,0,0,0,0
19896,外伶仃岛,,478,0,0,0,0,0
144216,昌乐,,0,0,0,0,0,0
75784,乌来,,0,0,0,0,0,0
10390,阿尔山,四季风景如画 阿尔山国家森林公园 温泉泡汤 蘑菇 蒙古奶茶 手把肉 奶制品 涮羊肉 哈拉哈河漂流,2425,1193,687,156,153,197
11446,汕尾,海岛 餐厅 擂茶 菜稞 猪油糖 佛手 马驳丸 汕戏,423,81,69,12,0,0
144203,泗水县,,0,0,0,0,0,0
141503,河口瑶族自治县,,33,0,0,0,0,0
16785,增城,,0,0,0,0,0,0
10456,额济纳旗,金色胡杨林 古迹遗址 策克口岸 沙漠娱乐 沙漠玫瑰 蜜瓜 沙葱 肉苁蓉 烩羊杂碎,2532,1366,990,34,240,102
84544,肥城,,0,0,0,0,0,0
21790,白沙古镇,,68,0,0,0,0,0
15702,英德,,427,0,0,0,0,0
11415,呼和浩特,,969,0,0,0,0,0
64375,桓台,,0,0,0,0,0,0
63579,昆明安宁,,0,0,0,0,0,0
167207,珠海横琴长隆国际海洋度假区,,0,0,0,0,0,0
140762,惠民县,,0,0,0,0,0,0
17920,乌兰布统,草原风光 摄影天堂 古战场 骑马 草原越野车 烤全羊 烤羊腿 射箭,2100,1371,948,85,0,338
22786,禄劝,,51,0,0,0,0,0
141310,潮汕,,295,0,0,0,0,0
144189,曹县,,0,0,0,0,0,0
10478,克什克腾旗,地址百科全书 蒙族美食 烤全羊 骑马 华子鱼 温泉疗养 水上摩托 奶制品 风干牛肉干,1056,2448,765,1169,77,437
14949,墨江,,0,0,0,0,0,0
24023,花都,,0,0,0,0,0,0
144198,济阳,,0,0,0,0,0,0
20275,黑井古镇,,0,0,0,0,0,0
11573,赤峰,,418,0,0,0,0,0
14336,茂名,,278,0,0,0,0,0
144200,嘉祥,,0,0,0,0,0,0
63072,广南,,0,0,0,0,0,0
144204,东阿,,0,0,0,0,0,0
14939,满洲里,,626,0,0,0,0,0
14191,揭阳,,107,0,0,0,0,0
22517,碧色寨,,0,0,0,0,0,0
23613,陵县,,0,0,0,0,0,0
10704,锡林郭勒,内蒙四大草原之一 骑马 奶茶 手把肉一条街 蒙古奶酒 奶酪 元陪都 蒙古刀,725,781,443,183,34,121
16286,台山,,332,0,0,0,0,0
176129,河口区,,0,0,0,0,0,0
63063,宜良,,47,0,0,0,0,0
25755,下川岛,,238,0,0,0,0,0
10414,海拉尔,,616,0,0,0,0,0
144176,无棣,,0,0,0,0,0,0
64948,寿丰,,0,0,0,0,0,0
140538,茌平,,0,0,0,0,0,0
16023,南澳县,,274,0,0,0,0,0
13190,鄂尔多斯,,478,0,0,0,0,0
145805,大树,,0,0,0,0,0,0
17795,九龙大峡谷,,0,0,0,0,0,0
18908,东西冲,,0,0,0,0,0,0
64866,头城,,0,0,0,0,0,0
11577,阿拉善,,372,0,0,0,0,0
176150,牟平区,,0,0,0,0,0,0
22547,东澳岛,,209,0,0,0,0,0
145826,水里,,29,0,0,0,0,0
11574,包头,骑马 沙漠娱乐 奶制品 蒙晋美食 有鹿的地方 烤羊腿 莜面 蒙古奶酒 蒙古族银器,353,119,13,13,14,79
144185,禹城,,0,0,0,0,0,0
27779,赤坎古镇,,108,0,0,0,0,0
173546,番路乡,,0,0,0,0,0,0
144201,金乡,,0,0,0,0,0,0
10763,额尔古纳,湿地、大兴安岭与俄罗斯风情 俄罗斯套娃 蓝莓酱 俄罗斯大列巴 手扒肉 俄罗斯巧克力 蜜蜂产品,414,588,246,219,123,0
64870,大溪,,0,0,0,0,0,0
18190,乳源,,222,0,0,0,0,0
140587,博兴,,0,0,0,0,0,0
10048,库布齐沙漠,中国第七大沙漠 响沙湾 蒙古奶茶 七星湖 烤全羊 稍美 羊绒 沙画 蒙古刀,617,389,225,26,0,138
145861,鹿野,,0,0,0,0,0,0
176054,平原县,,0,0,0,0,0,0
18187,庙湾岛,,179,0,0,0,0,0
14392,巴丹吉林,中国最美的沙漠 羊肉揪面 观沙海日出日落 沙漠越野车 观大漠星空 黄焖羊羔肉 炒沙葱 锁阳 贺兰山蘑菇,346,646,174,202,0,270
64931,鹿谷,,0,0,0,0,0,0
140556,夏津,,0,0,0,0,0,0
14257,连州,,180,0,0,0,0,0
145807,凤山,,0,0,0,0,0,0
11572,乌兰察布,,356,0,0,0,0,0
17796,毓璜顶,,0,0,0,0,0,0
16021,闸坡,,176,0,0,0,0,0
144193,东明,,0,0,0,0,0,0
31899,官渡古镇,,47,0,0,0,0,0
20235,锡林浩特,,241,0,0,0,0,0
42797,云浮,,59,0,0,0,0,0
144196,鄄城,,0,0,0,0,0,0
63567,宾川,,36,0,0,0,0,0
12586,通辽,,188,0,0,0,0,0
84517,盐田,,82,0,0,0,0,0
144212,临沭,,0,0,0,0,0,0
63576,个旧,,37,0,0,0,0,0
62069,兴安盟,,29,0,0,0,0,0
144179,乐陵,,0,0,0,0,0,0
11440,虎门,,107,0,0,0,0,0
15606,尼汝,,0,0,0,0,0,0
10707,多伦,,207,0,0,0,0,0
140765,昌邑,,0,0,0,0,0,0
11511,放鸡岛,,102,0,0,0,0,0
63565,洱源,,35,0,0,0,0,0
11605,巴彦淖尔,,84,0,0,0,0,0
144206,冠县,,0,0,0,0,0,0
38660,上川岛,,0,0,0,0,0,0
132245,挖色镇,,0,0,0,0,0,0
27792,乌海,,93,0,0,0,0,0
144188,利津,,0,0,0,0,0,0
19895,阳山,,94,0,0,0,0,0
18119,泸西,,46,0,0,0,0,0
144217,高青,,0,0,0,0,0,0
18001,根河,,114,0,0,0,0,0
64492,连南,,120,0,0,0,0,0
140626,沧源,,48,0,0,0,0,0
144210,莘县,,0,0,0,0,0,0
149470,乌拉盖,,166,0,0,0,0,0
19894,三水,,75,0,0,0,0,0
141495,南涧,,35,0,0,0,0,0
144178,沾化,,0,0,0,0,0,0
18550,二连浩特,,149,0,0,0,0,0
63602,阳西,,0,0,0,0,0,0
176087,山亭区,,0,0,0,0,0,0
64954,马公,,0,0,0,0,0,0
18445,乌兰浩特,,69,0,0,0,0,0
26037,沙湾古镇,,0,0,0,0,0,0
144190,成武县,,0,0,0,0,0,0
64929,集集,,0,0,0,0,0,0
64473,龙门,,0,0,0,0,0,0
17999,室韦,,115,0,0,0,0,0
144177,阳信,,0,0,0,0,0,0
145939,和美,,16,0,0,0,0,0
16024,硇洲岛,,76,0,0,0,0,0
144184,武城,,0,0,0,0,0,0
14475,恩和,,94,0,0,0,0,0
75843,三星,,0,0,0,0,0,0
144215,宁阳,,0,0,0,0,0,0
63599,徐闻,,60,0,0,0,0,0
15957,达里诺尔湖,,125,0,0,0,0,0
145804,大社,,0,0,0,0,0,0
144181,宁津,,0,0,0,0,0,0
21821,新兴,,130,0,0,0,0,0
62962,阿拉善左旗,,120,0,0,0,0,0
145811,金湖,,0,0,0,0,0,0
144180,临邑,,0,0,0,0,0,0
17053,普宁,,69,0,0,0,0,0
10291,太仆寺旗,,81,0,0,0,0,0
64930,信义,,0,0,0,0,0,0
22247,蒿滩,,0,0,0,0,0,0
17291,乐昌,,0,0,0,0,0,0
173543,梅山乡,,0,0,0,0,0,0
25608,库伦旗,,93,0,0,0,0,0
17779,刘公岛,,39,0,0,0,0,0
36866,恩平,,0,0,0,0,0,0
173537,中埔乡,,0,0,0,0,0,0
22975,扎兰屯,,46,0,0,0,0,0
17949,十芴园,,0,0,0,0,0,0
64132,博罗,,89,0,0,0,0,0
63572,勐海,,38,0,0,0,0,0
22740,库尔滨,,0,0,0,0,0,0
18915,成山头,,0,0,0,0,0,0
63598,雷州市,,0,0,0,0,0,0
84665,呈贡,,0,0,0,0,0,0
20316,昆嵛山,,0,0,0,0,0,0
62842,西乌珠穆沁旗,,44,0,0,0,0,0
63601,阳春,,0,0,0,0,0,0
141534,新平,,0,0,0,0,0,0
24502,大明湖,,68,0,0,0,0,0
34614,观澜版画村,,0,0,0,0,0,0
63316,达拉特旗,,26,0,0,0,0,0
17149,武定,,0,0,0,0,0,0
26471,仰天山,,0,0,0,0,0,0
175499,南沙区,,0,0,0,0,0,0
21669,牙克石,,18,0,0,0,0,0
63569,西盟,,30,0,0,0,0,0
84746,斗门,,0,0,0,0,0,0
18019,趵突泉,,97,0,0,0,0,0
62834,正蓝旗,,61,0,0,0,0,0
63570,澜沧,,34,0,0,0,0,0
64131,新丰,,0,0,0,0,0,0
19039,海驴岛,,0,0,0,0,0,0
10775,翁牛特旗,,35,0,0,0,0,0
23456,信宜,,0,0,0,0,0,0
66249,贡山独龙族怒族自治县,,19,0,0,0,0,0
17778,万平口,,0,0,0,0,0,0
62838,东乌珠穆沁旗,,32,0,0,0,0,0
18308,打洛,,0,0,0,0,0,0
35790,大珠山,,0,0,0,0,0,0
63839,大埔,,45,0,0,0,0,0
19855,陈巴尔虎旗,,23,0,0,0,0,0
19365,竹岔岛,,0,0,0,0,0,0
17296,开远,,0,0,0,0,0,0
17943,德庆,,55,0,0,0,0,0
11561,黄河口,,0,0,0,0,0,0
145934,斗南,,0,0,0,0,0,0
10223,乌梁素海,,30,0,0,0,0,0
38395,罗定,,0,0,0,0,0,0
15963,岱庙,,0,0,0,0,0,0
75850,北港,,0,0,0,0,0,0
64129,佛冈,,0,0,0,0,0,0
62945,霍林郭勒,,36,0,0,0,0,0
20060,鹤伴山,,0,0,0,0,0,0
140665,丰顺,,0,0,0,0,0,0
145929,关西镇,,0,0,0,0,0,0
22177,临江屯,,28,0,0,0,0,0
17797,宝塔礁,,0,0,0,0,0,0
175460,高明区,,0,0,0,0,0,0
64877,湖口,,0,0,0,0,0,0
62958,阿拉善右旗,,0,0,0,0,0,0
185219,郑城,,0,0,0,0,0,0
84855,鹤山,,0,0,0,0,0,0
64940,牡丹乡,,0,0,0,0,0,0
16856,奈曼旗,,39,0,0,0,0,0
19211,灵山岛,,0,0,0,0,0,0
24073,连平,,0,0,0,0,0,0
64894,大湖,,0,0,0,0,0,0
15959,微山湖,,0,0,0,0,0,0
175502,金湾区,,0,0,0,0,0,0
63318,东胜区,,0,0,0,0,0,0
64945,秀林,,0,0,0,0,0,0
21487,八大关,,0,0,0,0,0,0
64130,仁化,,36,0,0,0,0,0
63313,伊金霍洛旗,,0,0,0,0,0,0
145832,春日,,0,0,0,0,0,0
63600,电白,,0,0,0,0,0,0
10547,平遥,周边游 108种小吃 少人景点 通票景点 栲姥姥 泡吧 碗托 平遥牛肉 民俗表演,3567,3522,1557,1150,299,516
66240,察哈尔右翼中旗,,0,0,0,0,0,0
75911,新店,,0,0,0,0,0,0
140663,潮安,,0,0,0,0,0,0
62935,鄂伦春自治旗,,0,0,0,0,0,0
11240,太原,必游 博物馆 登山 商场 山西面食 醋 羊杂割 早餐店 滑雪,1174,1172,760,218,194,0
141536,元江,,0,0,0,0,0,0
143405,海丰,,0,0,0,0,0,0
63043,乌拉特前旗,,0,0,0,0,0,0
10057,五台山,寺庙之最 必游 大朝台 素斋 购物 台蘑 佛国小米 葱烧苔蘑,2024,1419,1061,206,152,0
63564,云龙,,18,0,0,0,0,0
143404,连山壮族瑶族自治县,,0,0,0,0,0,0
39735,武川,,0,0,0,0,0,0
64134,龙川,,0,0,0,0,0,0
11241,大同,古建筑 人气餐馆 浑源凉粉 刀削面 深度游 特产 广灵豆腐干 广灵小米 井下探秘游,1868,1643,811,674,146,12
33201,石鼓镇,,16,0,0,0,0,0
63333,四子王旗,,0,0,0,0,0,0
175523,惠阳区,,0,0,0,0,0,0
63573,禄丰,,0,0,0,0,0,0
10087,壶口瀑布,瀑布全攻略 骑毛驴 陕北红枣 黄河鲤鱼 旱地行船 牛肉丸子面 周边游 周边食店 吉县苹果,885,585,417,28,50,90
62844,新巴尔虎左旗,,18,0,0,0,0,0
84782,澄海,,0,0,0,0,0,0
63059,盈江,,0,0,0,0,0,0
11955,晋中,,167,0,0,0,0,0
144742,察哈尔右翼后旗,,0,0,0,0,0,0
141521,思茅,,0,0,0,0,0,0
17288,兴宁,,23,0,0,0,0,0
11307,临汾,,157,0,0,0,0,0
62946,科尔沁右翼中旗,,0,0,0,0,0,0
141517,云南江城,,0,0,0,0,0,0
143398,饶平,,0,0,0,0,0,0
63326,东河,,0,0,0,0,0,0
14528,忻州,,115,0,0,0,0,0
141502,维西,,34,0,0,0,0,0
140754,四会,,0,0,0,0,0,0
63341,兴和,,0,0,0,0,0,0
84731,高州,,0,0,0,0,0,0
11560,晋城,,345,0,0,0,0,0
18756,陆良,,25,0,0,0,0,0
62940,巴林右旗,,0,0,0,0,0,0
143761,廉江,,0,0,0,0,0,0
64949,光复,,0,0,0,0,0,0
13738,运城,,242,0,0,0,0,0
63346,清水河,,18,0,0,0,0,0
84553,小榄镇,,0,0,0,0,0,0
64892,三义,,0,0,0,0,0,0
17190,恒山,,355,0,0,0,0,0
63391,苏尼特右旗,,0,0,0,0,0,0
18647,坝光,,0,0,0,0,0,0
144537,布袋,,0,0,0,0,0,0
10192,碛口,,341,0,0,0,0,0
23765,郁南,,0,0,0,0,0,0
62944,扎鲁特旗,,0,0,0,0,0,0
75776,玉里,,0,0,0,0,0,0
63303,封开,,0,0,0,0,0,0
11258,绵山,,188,0,0,0,0,0
66232,达尔罕茂明安联合旗,,0,0,0,0,0,0
64952,富里,,0,0,0,0,0,0
143764,高要,,0,0,0,0,0,0
14401,长治,,140,0,0,0,0,0
62942,巴林左旗,,0,0,0,0,0,0
64955,七美,,0,0,0,0,0,0
140684,怀集,,0,0,0,0,0,0
144739,科尔沁左翼后旗,,0,0,0,0,0,0
25315,介休,介休景点 绵山陈醋 山西风味 贯馅糖 切馏则 蘸片则,75,88,88,0,0,0
145809,大林,,0,0,0,0,0,0
143763,吴川,,0,0,0,0,0,0
62843,新巴尔虎右旗,,0,0,0,0,0,0
64953,湖西,,0,0,0,0,0,0
63856,五台县,,38,0,0,0,0,0
143406,陆丰,,0,0,0,0,0,0
63118,乌审旗,,0,0,0,0,0,0
145833,东港镇,,0,0,0,0,0,0
29359,吕梁,,56,0,0,0,0,0
175535,揭西县,,0,0,0,0,0,0
19676,通海,,0,0,0,0,0,0
62939,喀喇沁旗,,0,0,0,0,0,0
11636,阳泉,,88,0,0,0,0,0
66291,惠来,,0,0,0,0,0,0
63575,石屏,,0,0,0,0,0,0
62941,宁城,,0,0,0,0,0,0
12857,朔州,,37,0,0,0,0,0
143407,陆河县,,0,0,0,0,0,0
63066,云南马龙,,0,0,0,0,0,0
66242,凉城,,17,0,0,0,0,0
17593,龙陵,,0,0,0,0,0,0
18713,宁武,,146,0,0,0,0,0
64135,平远,,21,0,0,0,0,0
63409,苏尼特左旗,,0,0,0,0,0,0
141496,祥云县,,0,0,0,0,0,0
64133,紫金,,0,0,0,0,0,0
11633,榆次,,134,0,0,0,0,0
62821,镶黄旗,,0,0,0,0,0,0
36359,晋宁,,0,0,0,0,0,0
143400,化州,,0,0,0,0,0,0
16944,永济,,122,0,0,0,0,0
62827,正镶白旗,,0,0,0,0,0,0
33267,弥渡,,0,0,0,0,0,0
143403,五华县,,0,0,0,0,0,0
63324,固阳,,0,0,0,0,0,0
63866,浑源,,30,0,0,0,0,0
63568,孟连,,0,0,0,0,0,0
66290,和平,,21,0,0,0,0,0
62943,阿鲁科尔沁旗,,0,0,0,0,0,0
63857,灵石,,82,0,0,0,0,0
143759,鸡街,,0,0,0,0,0,0
16645,靖海,,0,0,0,0,0,0
62937,阿荣旗,,0,0,0,0,0,0
145812,金沙镇,,0,0,0,0,0,0
140548,翁源,,0,0,0,0,0,0
63843,吉县,,21,0,0,0,0,0
144744,丰镇,,0,0,0,0,0,0
143762,遂溪,,0,0,0,0,0,0
75914,斗六,,0,0,0,0,0,0
22874,阳城,,105,0,0,0,0,0
62825,阿巴嘎旗,,0,0,0,0,0,0
145806,大寮,,0,0,0,0,0,0
140551,广宁,,0,0,0,0,0,0
63858,祁县,,70,0,0,0,0,0
144160,和林格尔,,0,0,0,0,0,0
145849,新园,,0,0,0,0,0,0
64476,东源,,0,0,0,0,0,0
144161,土默特左旗,,0,0,0,0,0,0
19640,应县,,62,0,0,0,0,0
143401,蕉岭,,0,0,0,0,0,0
64925,北斗,,0,0,0,0,0,0
62947,突泉,,0,0,0,0,0,0
63948,平顺,,0,0,0,0,0,0
175478,始兴县,,0,0,0,0,0,0
145822,草屯,,0,0,0,0,0,0
62936,鄂温克族自治旗,,0,0,0,0,0,0
63851,洪洞,,59,0,0,0,0,0
140736,清新区,,0,0,0,0,0,0
145860,金峰,,0,0,0,0,0,0
144743,察哈尔右翼前旗,,0,0,0,0,0,0
20669,林寨古村,,0,0,0,0,0,0
145815,铜锣乡,,0,0,0,0,0,0
63852,偏关,,47,0,0,0,0,0
63320,准格尔旗,,0,0,0,0,0,0
175544,潮南区,,0,0,0,0,0,0
145836,九如,,0,0,0,0,0,0
63862,陵川,,45,0,0,0,0,0
144738,敖汉旗,,0,0,0,0,0,0
165652,坪石,,0,0,0,0,0,0
63795,宣威,,0,0,0,0,0,0
63850,临县,,0,0,0,0,0,0
144741,科尔沁左翼中旗,,0,0,0,0,0,0
18181,鹅凰嶂,,0,0,0,0,0,0
140759,寻甸,,0,0,0,0,0,0
15991,太谷,,45,0,0,0,0,0
44038,林西,,0,0,0,0,0,0
18085,七礤溪谷,,0,0,0,0,0,0
38972,金平,,0,0,0,0,0,0
63853,代县,,46,0,0,0,0,0
30063,白云鄂博,,0,0,0,0,0,0
16182,黄埔古港,,139,0,0,0,0,0
141509,嵩明,,0,0,0,0,0,0
62938,莫力达瓦达斡尔族自治旗,,0,0,0,0,0,0
17898,原平,,47,0,0,0,0,0
19817,聚龙村,,0,0,0,0,0,0
63060,梁河,,0,0,0,0,0,0
63002,乌拉特中旗,,0,0,0,0,0,0
34676,李家山,,0,0,0,0,0,0
17694,丹霞山,,399,0,0,0,0,0
63068,师宗,,0,0,0,0,0,0
140552,鄂托克前旗,,0,0,0,0,0,0
21711,昔阳,,38,0,0,0,0,0
18288,船底顶,,0,0,0,0,0,0
141529,富宁,,0,0,0,0,0,0
144159,鄂托克旗,,0,0,0,0,0,0
63867,盂县,,44,0,0,0,0,0
17812,陈家祠,,0,0,0,0,0,0
141535,易门,,0,0,0,0,0,0
63105,杭锦旗,,0,0,0,0,0,0
23392,平陆,,0,0,0,0,0,0
16025,沙面,,0,0,0,0,0,0
63061,泸水,,0,0,0,0,0,0
144162,托克托,,0,0,0,0,0,0
144243,方山,,0,0,0,0,0,0
28460,海珠湖,,0,0,0,0,0,0
64938,车城乡,,0,0,0,0,0,0
144745,化德,,0,0,0,0,0,0
21781,大夫山,,0,0,0,0,0,0
63865,壶关,,31,0,0,0,0,0
145842,南州,,0,0,0,0,0,0
13116,西樵山,,0,0,0,0,0,0
144747,科尔沁右翼前旗,,0,0,0,0,0,0
63840,芮城,,33,0,0,0,0,0
75915,尖石,,0,0,0,0,0,0
18160,连州大东山,,0,0,0,0,0,0
174374,五原,,0,0,0,0,0,0
21936,右玉,,27,0,0,0,0,0
173786,公馆乡,,0,0,0,0,0,0
28891,沙扒湾,,0,0,0,0,0,0
144165,扎赉特旗,,0,0,0,0,0,0
174116,横山乡,,0,0,0,0,0,0
19156,交城,,35,0,0,0,0,0
26315,中国第一滩,,0,0,0,0,0,0
63335,卓资,,0,0,0,0,0,0
145839,林边,,0,0,0,0,0,0
17151,大,,0,0,0,0,0,0
36310,南鹏岛,,0,0,0,0,0,0
144737,土默特右旗,,0,0,0,0,0,0
64876,竹北,,0,0,0,0,0,0
140554,阳曲,,0,0,0,0,0,0
30838,黑石顶,,0,0,0,0,0,0
174365,磴口,,0,0,0,0,0,0
145848,雾台,,0,0,0,0,0,0
21814,汾河,,30,0,0,0,0,0
21062,紫云谷,,0,0,0,0,0,0
174362,乌拉特后旗,,0,0,0,0,0,0
145831,潮州镇,,0,0,0,0,0,0
17798,黄崖洞,,0,0,0,0,0,0
18983,鼎湖山,,48,0,0,0,0,0
174368,杭锦后旗,,0,0,0,0,0,0
141520,宁洱,,0,0,0,0,0,0
63860,沁水,,0,0,0,0,0,0
14785,小洲村,,0,0,0,0,0,0
17777,嘎拉德斯汰,,0,0,0,0,0,0
64113,华宁,,0,0,0,0,0,0
30990,高平,,0,0,0,0,0,0
17487,红砖厂,,0,0,0,0,0,0
144163,开鲁,,0,0,0,0,0,0
63067,沾益,,0,0,0,0,0,0
139652,清徐,,0,0,0,0,0,0
28094,南昆山,,0,0,0,0,0,0
144746,商都,,0,0,0,0,0,0
63065,水富,,0,0,0,0,0,0
140668,武乡,,0,0,0,0,0,0
33039,梧桐山,,0,0,0,0,0,0
53658,代钦塔拉,,0,0,0,0,0,0
19419,蟒河,,0,0,0,0,0,0
141533,峨山,,20,0,0,0,0,0
18627,双月湾,,147,0,0,0,0,0
10286,腾格里沙漠,,124,0,0,0,0,0
20987,离石,,0,0,0,0,0,0
18311,勐罕,,0,0,0,0,0,0
27459,三角洲岛,,0,0,0,0,0,0
10158,浑善达克,,0,0,0,0,0,0
63847,汾阳,,0,0,0,0,0,0
63062,福贡,,0,0,0,0,0,0
10777,大亚湾,,0,0,0,0,0,0
15956,响沙湾,,92,0,0,0,0,0
63846,霍州,,0,0,0,0,0,0
18525,大甲岛,,0,0,0,0,0,0
141506,屏边苗族自治县,,17,0,0,0,0,0
18000,莫尔道嘎,,0,0,0,0,0,0
144232,侯马,,0,0,0,0,0,0
37378,大梅沙,,0,0,0,0,0,0
63574,江川,,0,0,0,0,0,0
17305,乌珠穆沁,,37,0,0,0,0,0
140553,阳高,,0,0,0,0,0,0
21380,杨梅坑,,0,0,0,0,0,0
145847,万峦,,0,0,0,0,0,0
10776,格根塔拉,,0,0,0,0,0,0
66285,平定,,0,0,0,0,0,0
18439,百万葵园,,0,0,0,0,0,0
145852,竹田,,0,0,0,0,0,0
18919,岱海,,0,0,0,0,0,0
144234,乡宁,,0,0,0,0,0,0
26653,华南农业大学,,0,0,0,0,0,0
145841,玛家,,0,0,0,0,0,0
23122,居延海,,41,0,0,0,0,0
63849,黎城,,0,0,0,0,0,0
34261,荷包岛,,0,0,0,0,0,0
136487,枋山,,0,0,0,0,0,0
19545,呼伦湖,,0,0,0,0,0,0
27672,下坝坊,,0,0,0,0,0,0
63854,定襄,,19,0,0,0,0,0
145830,望安乡,,0,0,0,0,0,0
20437,灯笼河草原,,0,0,0,0,0,0
16022,东部华侨城,,0,0,0,0,0,0
63861,泽州,,0,0,0,0,0,0
145864,延平,,0,0,0,0,0,0
15958,辉腾锡勒草原,,56,0,0,0,0,0
21294,松山湖,,0,0,0,0,0,0
38273,广武,,0,0,0,0,0,0
174140,南澳乡,,0,0,0,0,0,0
19523,呼和诺尔,,0,0,0,0,0,0
20342,小辣甲,,0,0,0,0,0,0
21048,河曲,,0,0,0,0,0,0
75786,五结,,0,0,0,0,0,0
11366,希拉穆仁草原,,0,0,0,0,0,0
187154,云冈镇,,0,0,0,0,0,0
10095,桂林,山 漂流 漓江鱼 看演出 桂林米粉 蔬果 溶洞 酿,8636,11372,4295,3274,734,3069
64957,白沙乡,,0,0,0,0,0,0
144164,巴彦查干镇,,0,0,0,0,0,0
18971,后沟,,0,0,0,0,0,0
18307,勐仑,,0,0,0,0,0,0
10027,阳朔,漂流 骑行 啤酒鱼 桂林米粉 创意店 深度游 小吃 水果 泡吧,5508,6088,1663,1895,823,1707
11811,毛乌素沙漠,,0,0,0,0,0,0
63845,曲沃,,0,0,0,0,0,0
142386,八宝,,0,0,0,0,0,0
20470,美林谷,,0,0,0,0,0,0
10796,北海,海鲜 老街 免票 海干货 珍珠 亲子 工艺品,2632,2033,375,1121,537,0
144230,浮山,,0,0,0,0,0,0
143755,禄充,,0,0,0,0,0,0
18002,多伦湖,,0,0,0,0,0,0
63841,新绛,,0,0,0,0,0,0
10453,涠洲岛,海鲜 水果 摄影 玩海滩 打渔 潜水 干货 石贝饰品 香蕉猪,4570,2817,473,705,741,898
141530,麻栗坡,,0,0,0,0,0,0
10068,哈尔滨,教堂寺庙 滑雪 冬日 俄式西餐 遗迹 东北菜 烧烤 二人转,9580,9215,4768,1999,0,2448
20990,隰县,,0,0,0,0,0,0
10308,南宁,公园 水果 赏花 中山路 米粉 烧烤 地标 购物中心 泡吧,1347,579,245,186,122,26
174647,楚雄市,,0,0,0,0,0,0
140667,河津,,0,0,0,0,0,0
10301,大连,休闲广场 建筑 海滩 烧烤 吃海鲜 书屋 五彩雪花扇贝 樱桃 购物街,6786,2963,2064,581,190,128
63069,富源,,0,0,0,0,0,0
18065,龙脊梯田,梯田 龙脊四宝 观景点 竹筒饭 漂流 表演 腊肉 民族工艺品 十八酿,998,929,422,183,222,102
144260,稷山,,0,0,0,0,0,0
10072,长白山,天池 温泉 北坡 西坡 滑雪 温泉鸡蛋 冷面 打糕 木耳,5516,3873,2430,446,47,950
143714,固东镇,,0,0,0,0,0,0
144250,怀仁,,0,0,0,0,0,0
11755,黄姚古镇,豆豉 泡吧 宗祠庙宇 黄姚酒 豆腐酿 牌匾 豆豉排骨 写生 骑行,1261,461,108,87,129,137
10127,雪乡,雪乡穿越 滑雪 日出日落 必游 滑雪圈 农家菜 雪乡购物,2634,2341,903,166,166,1106
144227,左权,,0,0,0,0,0,0
16868,片马,,0,0,0,0,0,0
12513,柳州,,491,0,0,0,0,0
63844,襄汾,,0,0,0,0,0,0
140761,姚安,,0,0,0,0,0,0
10075,沈阳,中街 博物馆 老边饺子 冷面 二人转 太原街 李连贵熏肉大饼 北行 游乐场,2877,932,220,233,376,103
12913,贺州,必游 潇贺古道 贺州菜酿 温泉 豆鼓 牛肠酸 黄田扣肉 脐橙 砂糖桔,460,191,167,24,0,0
144222,灵丘,,0,0,0,0,0,0
173582,元长乡,,0,0,0,0,0,0
10427,漠河,必游 北极村寻北 备选景点 小鸡炖蘑菇 江鱼 蓝莓制品 山货 漠河炖菜,3742,1774,1430,207,137,0
13701,防城港,城市攻略>,379,0,0,0,0,0
18059,神池,,0,0,0,0,0,0
144535,万荣乡,,0,0,0,0,0,0
11247,长春,滑雪 八大部 购物街 二人转 东北菜 木雕 白肉血肠 老茂生 蹄花,1092,130,24,16,23,67
13159,龙胜,,207,0,0,0,0,0
144223,天镇,,0,0,0,0,0,0
145940,田中,,0,0,0,0,0,0
10584,丹东,抗美援朝 海鲜 烧烤 游船观光 温泉 草莓 步行街 韩国料理 朝鲜咸菜,1652,582,145,238,75,124
144246,文水,,0,0,0,0,0,0
145829,竹山,,0,0,0,0,0,0
10508,漓江,,501,0,0,0,0,0
63859,娄烦,,0,0,0,0,0,0
64924,溪湖,,0,0,0,0,0,0
11779,吉林市,雾凇 滑雪 步行街 小鸡炖蘑菇 白肉血肠 五味子 蕨菜 冰灯 东北菜,380,94,65,0,0,29
36937,东兴,,207,0,0,0,0,0
145941,员林,,0,0,0,0,0,0
144225,寿阳,,0,0,0,0,0,0
21910,雾凇岛,雾凇 摄影 火炕 满族火锅 锅包肉 餐馆 秧歌舞,616,481,248,46,0,187
26480,梧州,,207,0,0,0,0,0
144534,凤林,,0,0,0,0,0,0
144258,闻喜,,0,0,0,0,0,0
11268,本溪,,977,0,0,0,0,0
17133,百色,,133,0,0,0,0,0
144247,孝义,,0,0,0,0,0,0
145855,达仁,,0,0,0,0,0,0
63842,垣曲,,0,0,0,0,0,0
145857,东河乡,,0,0,0,0,0,0
12309,巴马,养生美食 杂粮 香猪 油鱼 巴马矿泉水 梦巴马 养生泡脚,198,93,0,71,22,0
10728,盘锦,河蟹 大米 炒河虾 香螺 野鸭蛋,849,235,0,187,48,0
144219,沁源,,0,0,0,0,0,0
141507,富民,,0,0,0,0,0,0
18291,靖西,,246,0,0,0,0,0
11508,延吉,,568,0,0,0,0,0
144224,左云,,0,0,0,0,0,0
141528,双江,,0,0,0,0,0,0
13188,崇左,,165,0,0,0,0,0
13913,牡丹江,,302,0,0,0,0,0
144257,临猗,,0,0,0,0,0,0
17759,大理新华村,,0,0,0,0,0,0
63836,三江,,237,0,0,0,0,0
64079,永和,,0,0,0,0,0,0
141504,绿春,,0,0,0,0,0,0
11473,伊春,森林公园 必游 木耳、蘑菇 蓝莓制品 松子 江鱼 漂流 滑雪 青山绿水,755,289,186,15,74,14
63863,长子,,0,0,0,0,0,0
141437,大关,,0,0,0,0,0,0
15306,钦州,,159,0,0,0,0,0
13055,葫芦岛,,303,0,0,0,0,0
144226,榆社,,0,0,0,0,0,0
141512,耿马,,0,0,0,0,0,0
12682,玉林,,84,0,0,0,0,0
11526,大兴安岭,,357,0,0,0,0,0
144244,柳林,,0,0,0,0,0,0
139776,草海镇,,0,0,0,0,0,0
146159,海洋乡,,89,0,0,0,0,0
144245,石楼,,0,0,0,0,0,0
10537,锦州,,428,0,0,0,0,0
62922,漾濞,,0,0,0,0,0,0
16571,河池,,49,0,0,0,0,0
63864,潞城,,0,0,0,0,0,0
63571,永胜,,0,0,0,0,0,0
10290,兴城,,478,0,0,0,0,0
143422,蒙山县,,0,0,0,0,0,0
144259,绛县,,0,0,0,0,0,0
64944,卑南,,0,0,0,0,0,0
17997,亚布力,,251,0,0,0,0,0
144235,翼城,,0,0,0,0,0,0
24058,上林,大米 黑山羊 一鱼多吃 猪血肠,103,0,0,0,0,0
145827,中寮,,0,0,0,0,0,0
11905,抚顺,,326,0,0,0,0,0
66284,山阴,,0,0,0,0,0,0
14797,贵港,,40,0,0,0,0,0
145856,大武,,0,0,0,0,0,0
144229,大宁,,0,0,0,0,0,0
11553,鞍山,,217,0,0,0,0,0
145823,国姓,,0,0,0,0,0,0
63611,大新,,96,0,0,0,0,0
144221,广灵,,0,0,0,0,0,0
11709,齐齐哈尔,,265,0,0,0,0,0
64939,满州,,0,0,0,0,0,0
13048,来宾,,28,0,0,0,0,0
144255,五寨,,0,0,0,0,0,0
64950,丰滨,,0,0,0,0,0,0
16910,五大连池,,412,0,0,0,0,0
66259,灵川,,49,0,0,0,0,0
140559,襄垣,,0,0,0,0,0,0
145936,土库,,0,0,0,0,0,0
14907,营口,,207,0,0,0,0,0
66261,昭平,,0,0,0,0,0,0
144256,岢岚,,0,0,0,0,0,0
64893,头份,,0,0,0,0,0,0
54510,延边,,122,0,0,0,0,0
63829,凭祥,,50,0,0,0,0,0
145820,竹南,,0,0,0,0,0,0
144252,保德,,0,0,0,0,0,0
30205,东戴河,,539,0,0,0,0,0
18310,章朗,,0,0,0,0,0,0
34215,金秀,,80,0,0,0,0,0
144253,繁峙,,0,0,0,0,0,0
141515,云县,,0,0,0,0,0,0
11678,大庆,,167,0,0,0,0,0
144231,古县,,0,0,0,0,0,0
11814,北部湾,,49,0,0,0,0,0
141519,景谷,,0,0,0,0,0,0
144228,安泽,,0,0,0,0,0,0
16786,旅顺,,333,0,0,0,0,0
63024,广西全州,,32,0,0,0,0,0
141532,砚山,,0,0,0,0,0,0
144248,兴县,,0,0,0,0,0,0
17805,鲅鱼圈,,312,0,0,0,0,0
84729,恭城,,37,0,0,0,0,0
63070,马关,,0,0,0,0,0,0
144249,岚县,,0,0,0,0,0,0
64724,海林,,21,0,0,0,0,0
63022,资源县,,35,0,0,0,0,0
63064,盐津,,0,0,0,0,0,0
66282,汾西,,0,0,0,0,0,0
10287,绥中,,168,0,0,0,0,0
141497,永平,,0,0,0,0,0,0
63816,桂平,,47,0,0,0,0,0
23465,师家沟,,0,0,0,0,0,0
141511,凤庆,,0,0,0,0,0,0
63835,融水,,0,0,0,0,0,0
175562,万荣（山西）,,0,0,0,0,0,0
22006,黑河,,160,0,0,0,0,0
132166,永仁县,,0,0,0,0,0,0
140669,夏县,,0,0,0,0,0,0
63612,兴安,,59,0,0,0,0,0
31010,五常,,79,0,0,0,0,0
145819,造桥,,0,0,0,0,0,0
144239,和平镇,,0,0,0,0,0,0
10506,扬美,,0,0,0,0,0,0
64859,安图,,0,0,0,0,0,0
145937,西螺,,0,0,0,0,0,0
144254,静乐,,0,0,0,0,0,0
140561,龙州,,47,0,0,0,0,0
22588,查干湖,,108,0,0,0,0,0
145859,海端,,0,0,0,0,0,0
66283,中阳,,0,0,0,0,0,0
64589,宜州,,28,0,0,0,0,0
173792,南庄乡,,0,0,0,0,0,0
23255,辽阳,,158,0,0,0,0,0
144251,古交,,0,0,0,0,0,0
24586,大圩,,53,0,0,0,0,0
145843,内埔,,0,0,0,0,0,0
144233,蒲县,,0,0,0,0,0,0
28807,抚远,,269,0,0,0,0,0
140755,合浦,,0,0,0,0,0,0
144536,卓溪,,0,0,0,0,0,0
175574,和顺（山西）,,0,0,0,0,0,0
13267,佳木斯,,73,0,0,0,0,0
63028,富川,,0,0,0,0,0,0
12650,太鲁阁,,58,0,0,0,0,0
144218,沁县,,0,0,0,0,0,0
63826,德保,,0,0,0,0,0,0
15139,白山,,70,0,0,0,0,0
145850,新埤,,0,0,0,0,0,0
21765,交口,,0,0,0,0,0,0
63589,容县,,0,0,0,0,0,0
13856,通化,,45,0,0,0,0,0
64942,长滨乡,,0,0,0,0,0,0
144220,屯留,,0,0,0,0,0,0
63827,乐业,,0,0,0,0,0,0
141438,鲁甸,,0,0,0,0,0,0
19131,圣王坪,,0,0,0,0,0,0
17806,千山,,229,0,0,0,0,0
63833,武鸣,,0,0,0,0,0,0
141493,南华县,,0,0,0,0,0,0
29822,皇城相府,,39,0,0,0,0,0
14675,铁岭,,102,0,0,0,0,0
143767,柳江,,46,0,0,0,0,0
141485,施甸,,0,0,0,0,0,0
144237,佃坪乡,,0,0,0,0,0,0
205421,万达长白山滑雪度假区,,0,0,0,0,0,0
66258,北流,,0,0,0,0,0,0
141518,景东,,0,0,0,0,0,0
144240,团柏乡,,0,0,0,0,0,0
34380,绥芬河,,60,0,0,0,0,0
140565,南丹,,0,0,0,0,0,0
141439,巧家,,0,0,0,0,0,0
28647,天龙山,,0,0,0,0,0,0
20908,图们,,89,0,0,0,0,0
10428,兴安古镇,,20,0,0,0,0,0
141498,陇川,,0,0,0,0,0,0
15990,晋祠,,144,0,0,0,0,0
64713,宽甸,,194,0,0,0,0,0
141510,华坪,,0,0,0,0,0,0
63613,荔浦,,0,0,0,0,0,0
144236,拖阏,,0,0,0,0,0,0
84536,新街镇,,0,0,0,0,0,0
84744,防城,,0,0,0,0,0,0
20885,阜新,,50,0,0,0,0,0
16398,娘子关,,0,0,0,0,0,0
141491,大姚,,0,0,0,0,0,0
44535,大化,,0,0,0,0,0,0
144242,永安镇,,0,0,0,0,0,0
32500,松花湖,,121,0,0,0,0,0
145845,泰武,,0,0,0,0,0,0
143417,罗城,,0,0,0,0,0,0
144241,邢家要乡,,0,0,0,0,0,0
63884,珲春,,89,0,0,0,0,0
25645,凌云,,0,0,0,0,0,0
20251,藏山,,0,0,0,0,0,0
64951,瑞穗,,0,0,0,0,0,0
14456,止锚湾,,140,0,0,0,0,0
63834,宾阳,,0,0,0,0,0,0
144238,对竹镇,,0,0,0,0,0,0
64956,西屿乡,,0,0,0,0,0,0
33151,集安,,123,0,0,0,0,0
47012,土林,,0,0,0,0,0,0
145835,佳冬,,0,0,0,0,0,0
66260,兴安,,0,0,0,0,0,0
22558,白城,,46,0,0,0,0,0
11823,老牛湾,,0,0,0,0,0,0
143420,马山,,0,0,0,0,0,0
145837,来义,,0,0,0,0,0,0
20790,武家湾,,0,0,0,0,0,0
63821,象州,,0,0,0,0,0,0
173507,顶乡,,0,0,0,0,0,0
64734,敦化,,58,0,0,0,0,0
15105,张壁古堡,,0,0,0,0,0,0
63590,横县,,0,0,0,0,0,0
173561,桐乡,,0,0,0,0,0,0
12400,鸡西,,46,0,0,0,0,0
18509,雁门关,,0,0,0,0,0,0
140670,隆安,,0,0,0,0,0,0
173729,福兴乡,,0,0,0,0,0,0
64706,长海,,0,0,0,0,0,0
18413,鹳雀楼,,0,0,0,0,0,0
140671,都安,,0,0,0,0,0,0
173732,花坛乡,,0,0,0,0,0,0
64858,抚松,,23,0,0,0,0,0
38244,杀虎口,,0,0,0,0,0,0
33373,博白,,0,0,0,0,0,0
63563,镇康,,0,0,0,0,0,0
34385,绥化,,0,0,0,0,0,0
28155,柏洼山,,0,0,0,0,0,0
62635,永福,,0,0,0,0,0,0
141444,镇雄,,0,0,0,0,0,0
62068,朝阳,,101,0,0,0,0,0
143419,融安,,0,0,0,0,0,0
141441,威信,,0,0,0,0,0,0
14759,芦芽山,,79,0,0,0,0,0
63026,岑溪,,0,0,0,0,0,0
24546,广胜寺,,0,0,0,0,0,0
141522,镇沅,,0,0,0,0,0,0
64712,凤城,,83,0,0,0,0,0
141484,昌宁,,0,0,0,0,0,0
63828,平果,,0,0,0,0,0,0
33955,大寨,,0,0,0,0,0,0
13519,临江,,65,0,0,0,0,0
143723,娜姑,,0,0,0,0,0,0
63817,鹿寨,,22,0,0,0,0,0
202778,北大壶,,0,0,0,0,0,0
19980,王莽岭,,47,0,0,0,0,0
141516,兰坪,,0,0,0,0,0,0
63023,平乐县,,0,0,0,0,0,0
62067,松原,,0,0,0,0,0,0
15989,悬空寺,,107,0,0,0,0,0
141443,永善,,0,0,0,0,0,0
63819,环江,,0,0,0,0,0,0
64733,长白,,38,0,0,0,0,0
10267,张家界,心跳 小吃 看演出 想象力 三下锅 特产 人少景点 腊野味 葛根粉,8079,3099,1304,1009,417,369
141442,彝良,,0,0,0,0,0,0
63818,上思,,0,0,0,0,0,0
12369,鹤岗,,0,0,0,0,0,0
173735,社头乡,,0,0,0,0,0,0
143413,扶绥,,0,0,0,0,0,0
10466,长沙,古迹 老字号 臭豆腐 公园 博物馆 坡子街 酒吧 表演 五一广场,5399,3527,1108,1431,86,902
66315,尚志,,0,0,0,0,0,0
145938,二林,,0,0,0,0,0,0
143421,浦北,,0,0,0,0,0,0
10024,凤凰古镇,泡吧 吊脚楼 夜市 船游漂流 沈从文 苗寨 粉 土家菜 姜糖,7033,13875,5268,3811,782,4014
145821,卓兰,,0,0,0,0,0,0
60225,桓仁,,65,0,0,0,0,0
143414,灌阳,,0,0,0,0,0,0
13287,湘西,,1152,0,0,0,0,0
145813,后龙,,0,0,0,0,0,0
18382,辽源,,0,0,0,0,0,0
63831,凤山县,,0,0,0,0,0,0
173789,三湾乡,,0,0,0,0,0,0
11886,衡山,,1462,0,0,0,0,0
143415,平南,,0,0,0,0,0,0
62066,四平,,30,0,0,0,0,0
173738,秀水乡,,0,0,0,0,0,0
174773,灵山县,,0,0,0,0,0,0
10792,郴州,,1639,0,0,0,0,0
63909,瓦房店,,40,0,0,0,0,0
173741,永靖乡,,0,0,0,0,0,0
140622,陆川,,0,0,0,0,0,0
140740,庄河,,66,0,0,0,0,0
10398,衡阳,,173,0,0,0,0,0
173756,埔盐乡,,0,0,0,0,0,0
143411,田阳,,0,0,0,0,0,0
134707,金州,,0,0,0,0,0,0
173759,埤头乡,,0,0,0,0,0,0
63825,那坡,,0,0,0,0,0,0
14104,岳阳,,490,0,0,0,0,0
64731,蛟河,,38,0,0,0,0,0
141440,绥江,,0,0,0,0,0,0
63027,钟山县,,0,0,0,0,0,0
12254,韶山,,265,0,0,0,0,0
28976,同江,,0,0,0,0,0,0
141492,牟定,,0,0,0,0,0,0
143416,东兰,,0,0,0,0,0,0
21916,株洲,,215,0,0,0,0,0
143716,绮罗村,,0,0,0,0,0,0
64760,海城,,30,0,0,0,0,0
63820,武宣,,0,0,0,0,0,0
141514,永德,,0,0,0,0,0,0
23078,怀化,,115,0,0,0,0,0
66314,本溪县,,52,0,0,0,0,0
63025,藤县,,0,0,0,0,0,0
18050,永芝,,0,0,0,0,0,0
16642,盖州,,0,0,0,0,0,0
34888,湘潭,,67,0,0,0,0,0
57887,天峨,,0,0,0,0,0,0
143712,水碓村,,0,0,0,0,0,0
143765,天等,,0,0,0,0,0,0
64727,虎林,,30,0,0,0,0,0
17070,常德,,137,0,0,0,0,0
141531,西畴,,0,0,0,0,0,0
63830,宁明,,0,0,0,0,0,0
141494,双柏,,0,0,0,0,0,0
140747,北镇,,36,0,0,0,0,0
16003,岳麓山,,185,0,0,0,0,0
143418,忻城,,0,0,0,0,0,0
26453,哀牢山,,0,0,0,0,0,0
64711,东港,,27,0,0,0,0,0
143766,合山,,0,0,0,0,0,0
34639,吉首,,69,0,0,0,0,0
173753,埔心乡,,0,0,0,0,0,0
27077,逊克,,0,0,0,0,0,0
174734,隆林各族自治县,,0,0,0,0,0,0
15540,邵阳,,137,0,0,0,0,0
173750,芳苑乡,,0,0,0,0,0,0
62063,双鸭山,,0,0,0,0,0,0
143409,田东,,0,0,0,0,0,0
173744,大村乡,,0,0,0,0,0,0
63596,平江,,260,0,0,0,0,0
64861,龙井,,39,0,0,0,0,0
174821,雁山区,,0,0,0,0,0,0
173747,伸港乡,,0,0,0,0,0,0
22460,永州,,169,0,0,0,0,0
140563,苍梧,,0,0,0,0,0,0
24853,辉南,,38,0,0,0,0,0
145816,头屋,,0,0,0,0,0,0
140692,柳城,,0,0,0,0,0,0
44658,武陵源,,290,0,0,0,0,0
145818,苑里,,0,0,0,0,0,0
64723,嘉荫,,33,0,0,0,0,0
143423,兴业,,0,0,0,0,0,0
174134,冬山乡,,0,0,0,0,0,0
17363,娄底,,90,0,0,0,0,0
64715,新宾,,33,0,0,0,0,0
143410,田林县,,0,0,0,0,0,0
174137,大同乡,,0,0,0,0,0,0
34260,塔河,,0,0,0,0,0,0
16005,芙蓉镇,,173,0,0,0,0,0
174800,覃塘区,,0,0,0,0,0,0
174131,员山乡,,0,0,0,0,0,0
143816,密山,,22,0,0,0,0,0
143412,西林,,0,0,0,0,0,0
15393,益阳,,65,0,0,0,0,0
18167,碧罗雪山,,0,0,0,0,0,0
18660,长发村,,0,0,0,0,0,0
17594,乌苏里江,,35,0,0,0,0,0
63595,资兴,,292,0,0,0,0,0
27055,飞来寺,,0,0,0,0,0,0
84712,和平乡,,0,0,0,0,0,0
84644,南岳区,,0,0,0,0,0,0
24070,梁王山,,0,0,0,0,0,0
64708,大洼,,20,0,0,0,0,0
28668,十万大山,,0,0,0,0,0,0
16524,高黎贡山,,0,0,0,0,0,0
64716,清原,,0,0,0,0,0,0
12697,浏阳,,124,0,0,0,0,0
10364,德天瀑布,,285,0,0,0,0,0
18429,滇越铁路,,0,0,0,0,0,0
14455,靖港古镇,,0,0,0,0,0,0
64709,岫岩,,27,0,0,0,0,0
17002,鹅泉,,0,0,0,0,0,0
18306,橄榄坝,,0,0,0,0,0,0
143813,北安,,0,0,0,0,0,0
11271,洪江,,111,0,0,0,0,0
18973,左江,,0,0,0,0,0,0
17757,大理蝴蝶泉,,0,0,0,0,0,0
64719,杜尔伯特,,0,0,0,0,0,0
139641,衡东,,0,0,0,0,0,0
20331,三娘湾,,0,0,0,0,0,0
17980,玉几岛,,0,0,0,0,0,0
144158,大石桥,,0,0,0,0,0,0
175367,长沙县,,0,0,0,0,0,0
16935,明仕田园,,0,0,0,0,0,0
17981,苍山,,0,0,0,0,0,0
176936,梨树,,0,0,0,0,0,0
18100,斜阳岛,,0,0,0,0,0,0
174128,壮围乡,,0,0,0,0,0,0
140624,宁乡,,87,0,0,0,0,0
64717,呼玛,,0,0,0,0,0,0
37262,桂林虞山公园,,0,0,0,0,0,0
23045,侯硐,,0,0,0,0,0,0
140742,汝城,,0,0,0,0,0,0
144154,调兵山,,0,0,0,0,0,0
174812,福绵区,,0,0,0,0,0,0
20829,野柳,,0,0,0,0,0,0
64728,饶河,,0,0,0,0,0,0
18875,通道,,67,0,0,0,0,0
21624,海洋山,,0,0,0,0,0,0
145931,竹东,,0,0,0,0,0,0
39075,梅河口,,0,0,0,0,0,0
18927,大容山,,0,0,0,0,0,0
145930,新埔,,0,0,0,0,0,0
11723,芷江,,74,0,0,0,0,0
22173,程阳,,0,0,0,0,0,0
145933,芎林,,0,0,0,0,0,0
62064,七台河,,0,0,0,0,0,0
28341,汨罗,,0,0,0,0,0,0
145814,通霄,,0,0,0,0,0,0
176918,友谊,,0,0,0,0,0,0
36299,望城,,0,0,0,0,0,0
22606,兴坪,,83,0,0,0,0,0
145932,北埔,,0,0,0,0,0,0
140751,普兰店,,0,0,0,0,0,0
18017,金秀大瑶山,,0,0,0,0,0,0
18548,茶峒,,76,0,0,0,0,0
174110,宝山乡,,0,0,0,0,0,0
64860,和龙,,0,0,0,0,0,0
63583,新化,,0,0,0,0,0,0
10442,拉萨,甜茶 酸奶 酥油茶 藏药 仓央嘉措 工艺品 艺术品 酒吧 温泉,9008,3799,413,1784,1152,450
17758,南诏风情岛,,0,0,0,0,0,0
64725,宁安,,0,0,0,0,0,0
16006,德夯,,60,0,0,0,0,0
10416,鸡足山,,0,0,0,0,0,0
10814,林芝,,1939,0,0,0,0,0
64720,铁力,,0,0,0,0,0,0
18051,崇圣寺,,0,0,0,0,0,0
63581,桃源,,84,0,0,0,0,0
176744,富裕,,0,0,0,0,0,0
10417,纳木错,城市攻略>,887,0,0,0,0,0
63580,石门,,0,0,0,0,0,0
15947,洱海,,619,0,0,0,0,0
143821,东宁,,0,0,0,0,0,0
10073,阿里,,1509,0,0,0,0,0
17325,江永,,58,0,0,0,0,0
16672,阿佤山,,0,0,0,0,0,0
66316,前郭尔罗斯县,,0,0,0,0,0,0
20244,白马雪山,,0,0,0,0,0,0
176825,汤旺河,,0,0,0,0,0,0
11474,日喀则,,482,0,0,0,0,0
64127,新宁,,51,0,0,0,0,0
64710,灯塔,,0,0,0,0,0,0
18149,独龙江,,30,0,0,0,0,0
63594,宜章,,0,0,0,0,0,0
10811,珠穆朗玛峰,,581,0,0,0,0,0
140549,宾县,,0,0,0,0,0,0
15951,纳帕海,,0,0,0,0,0,0
57014,安化,,25,0,0,0,0,0
10079,墨脱,,458,0,0,0,0,0
176684,开原,,0,0,0,0,0,0
15953,普达措,,165,0,0,0,0,0
64485,永顺,,22,0,0,0,0,0
144148,义县,,0,0,0,0,0,0
38413,波密,,305,0,0,0,0,0
174104,新丰乡,,0,0,0,0,0,0
143810,木兰,,0,0,0,0,0,0
66280,炎陵,,33,0,0,0,0,0
174107,峨眉乡,,0,0,0,0,0,0
11606,山南,桑耶寺 酥油茶 青朴修行地 酸奶 糌粑,354,138,93,45,0,0
64726,萝北,,0,0,0,0,0,0
63587,道县,,0,0,0,0,0,0
173762,溪州乡,,0,0,0,0,0,0
144149,法库,,0,0,0,0,0,0
11662,那曲,,108,0,0,0,0,0
175316,津市市,,0,0,0,0,0,0
173765,田尾乡,,0,0,0,0,0,0
38279,依兰,,0,0,0,0,0,0
15681,冈仁波齐,,351,0,0,0,0,0
64093,溆浦,,26,0,0,0,0,0
173525,六脚乡,,0,0,0,0,0,0
143809,方正,,0,0,0,0,0,0
173528,东石乡,,0,0,0,0,0,0
22088,武冈,,0,0,0,0,0,0
21606,芒康,,137,0,0,0,0,0
143814,嫩江,,0,0,0,0,0,0
173522,新港乡,,0,0,0,0,0,0
140757,江华,,20,0,0,0,0,0
144150,康平,,0,0,0,0,0,0
11700,昌都,,154,0,0,0,0,0
173519,溪口乡,,0,0,0,0,0,0
66278,耒阳,,0,0,0,0,0,0
18991,乾安,,0,0,0,0,0,0
56286,雅鲁藏布江,,139,0,0,0,0,0
144539,朴子,,0,0,0,0,0,0
144143,凌源,,0,0,0,0,0,0
20000,黔城,,32,0,0,0,0,0
15952,松赞林寺,,0,0,0,0,0,0
29862,左贡,,112,0,0,0,0,0
64721,林甸,,0,0,0,0,0,0
21407,隆回,,0,0,0,0,0,0
15944,千龟山,,0,0,0,0,0,0
64707,盘山（辽宁）,,0,0,0,0,0,0
63450,八宿,,99,0,0,0,0,0
33074,九子海,,0,0,0,0,0,0
64125,花垣,,21,0,0,0,0,0
176939,公主岭,,0,0,0,0,0,0
63538,比如,,54,0,0,0,0,0
17914,阿庐古洞,,0,0,0,0,0,0
27437,古丈,,18,0,0,0,0,0
144151,辽中,,0,0,0,0,0,0
24194,普兰,,27,0,0,0,0,0
17959,抚仙湖,,241,0,0,0,0,0
143881,醴陵,,0,0,0,0,0,0
143885,德惠,,0,0,0,0,0,0
25576,轿子雪山,,0,0,0,0,0,0
51480,巴松措,,89,0,0,0,0,0
143872,城步,,26,0,0,0,0,0
143886,榆树,,0,0,0,0,0,0
17817,九乡,,0,0,0,0,0,0
84778,慈利县,,0,0,0,0,0,0
143887,磐石,,0,0,0,0,0,0
10812,江孜,,85,0,0,0,0,0
40453,大山包,,37,0,0,0,0,0
143868,祁东,,0,0,0,0,0,0
140599,桦甸,,0,0,0,0,0,0
23005,樟木,,40,0,0,0,0,0
23558,螳螂川,,0,0,0,0,0,0
63585,双峰,,0,0,0,0,0,0
143817,富锦,,0,0,0,0,0,0
16692,吉隆,,64,0,0,0,0,0
173516,民雄乡,,0,0,0,0,0,0
64487,绥宁,,0,0,0,0,0,0
143822,林口,,0,0,0,0,0,0
173534,鹿草乡,,0,0,0,0,0,0
64087,沅陵,,0,0,0,0,0,0
64732,靖宇,,0,0,0,0,0,0
63424,工布江达,,51,0,0,0,0,0
145810,大埔乡,,0,0,0,0,0,0
143864,桂东,,24,0,0,0,0,0
143808,巴彦,,0,0,0,0,0,0
62934,浪卡子,,45,0,0,0,0,0
145851,盐埔,,0,0,0,0,0,0
63593,桂阳,,0,0,0,0,0,0
144144,彰武,,0,0,0,0,0,0
63432,察隅,,54,0,0,0,0,0
145834,高树,,0,0,0,0,0,0
63584,涟源,,0,0,0,0,0,0
143839,肇东,,0,0,0,0,0,0
145838,里港,,0,0,0,0,0,0
62629,拉姆拉错,,36,0,0,0,0,0
63588,攸县,,0,0,0,0,0,0
64722,通河,,0,0,0,0,0,0
145854,麟洛,,0,0,0,0,0,0
18049,察瓦龙,,0,0,0,0,0,0
63591,宁远,,0,0,0,0,0,0
176624,新民,,0,0,0,0,0,0
145846,万丹,,0,0,0,0,0,0
29128,盐井,,34,0,0,0,0,0
140544,靖州,城市攻略>,0,0,0,0,0,0
144147,黑山（辽宁）,,0,0,0,0,0,0
173510,长治乡,,0,0,0,0,0,0
64124,龙山县,,0,0,0,0,0,0
146359,邦达,,27,0,0,0,0,0
29221,狮子山,,0,0,0,0,0,0
140750,凌海,,0,0,0,0,0,0
63592,常宁,,0,0,0,0,0,0
18305,勐景来,,0,0,0,0,0,0
20511,南岔,,0,0,0,0,0,0
145300,当雄,,22,0,0,0,0,0
175376,湘潭县,,0,0,0,0,0,0
16141,文海,,0,0,0,0,0,0
143830,讷河,,0,0,0,0,0,0
56359,定日,,37,0,0,0,0,0
10791,湘西南,,0,0,0,0,0,0
15945,黑龙潭公园,,0,0,0,0,0,0
144140,北票,,0,0,0,0,0,0
143870,新晃,,0,0,0,0,0,0
19164,安多,,22,0,0,0,0,0
144146,建昌,,0,0,0,0,0,0
15894,拉市海,,223,0,0,0,0,0
175343,衡山县,,0,0,0,0,0,0
22794,札达,,43,0,0,0,0,0
64730,农安,,0,0,0,0,0,0
18312,曼旦,,0,0,0,0,0,0
143877,沅江,,0,0,0,0,0,0
144156,西丰,,0,0,0,0,0,0
39124,磨憨,,0,0,0,0,0,0
63427,米林,,25,0,0,0,0,0
140691,永兴,,0,0,0,0,0,0
140600,双辽,,0,0,0,0,0,0
17962,豆沙关,,0,0,0,0,0,0
18009,狮泉河,,25,0,0,0,0,0
64126,洞口县,,0,0,0,0,0,0
176822,红星,,0,0,0,0,0,0
144540,太保,,0,0,0,0,0,0
64085,会同,,0,0,0,0,0,0
63423,加查,,22,0,0,0,0,0
143827,克山,,0,0,0,0,0,0
173591,水林乡,,0,0,0,0,0,0
143863,澧县,,0,0,0,0,0,0
62933,墨竹工卡,,0,0,0,0,0,0
176669,弓长岭,,0,0,0,0,0,0
145824,名间,,0,0,0,0,0,0
140597,湘乡,,0,0,0,0,0,0
143888,永吉,,0,0,0,0,0,0
173552,林内乡,,0,0,0,0,0,0
62806,亚东,,0,0,0,0,0,0
63597,茶陵,,0,0,0,0,0,0
144142,喀左,,0,0,0,0,0,0
173780,二水乡,,0,0,0,0,0,0
145313,拉孜,,0,0,0,0,0,0
143879,湘阴,,0,0,0,0,0,0
64863,汪清,,0,0,0,0,0,0
173777,竹塘乡,,0,0,0,0,0,0
62928,堆龙德庆,,0,0,0,0,0,0
63586,东安,,0,0,0,0,0,0
176996,舒兰,,0,0,0,0,0,0
173768,芬园乡,,0,0,0,0,0,0
140756,辰溪,,0,0,0,0,0,0
10830,萨迦,,24,0,0,0,0,0
143811,延寿,,0,0,0,0,0,0
173774,线西乡,,0,0,0,0,0,0
64128,新邵,,0,0,0,0,0,0
143826,克东,,0,0,0,0,0,0
66227,聂拉木,,0,0,0,0,0,0
173555,古坑乡,,0,0,0,0,0,0
64086,中方,,0,0,0,0,0,0
144141,建平,,0,0,0,0,0,0
173558,大埤乡,,0,0,0,0,0,0
145310,萨嘎,,0,0,0,0,0,0
175397,岳阳县,,0,0,0,0,0,0
176924,大安,,0,0,0,0,0,0
173576,台西乡,,0,0,0,0,0,0
62812,班戈,,0,0,0,0,0,0
66276,双牌,,0,0,0,0,0,0
64729,通榆,,0,0,0,0,0,0
173579,东势乡,,0,0,0,0,0,0
30736,丁青,,0,0,0,0,0,0
140760,祁阳,,0,0,0,0,0,0
143883,洮南,,0,0,0,0,0,0
173570,仑背乡,,0,0,0,0,0,0
174263,双湖县,,0,0,0,0,0,0
143867,衡南,,0,0,0,0,0,0
143289,台安,,0,0,0,0,0,0
173567,二仑乡,,0,0,0,0,0,0
62952,贡嘎县,,0,0,0,0,0,0
143873,邵东,,0,0,0,0,0,0
143807,肇州,,0,0,0,0,0,0
145935,虎尾,,0,0,0,0,0,0
143876,南县,,0,0,0,0,0,0
143884,九台,,0,0,0,0,0,0
173564,褒忠乡,,0,0,0,0,0,0
62931,达孜,,0,0,0,0,0,0
63582,桃江,,0,0,0,0,0,0
143828,泰来,,0,0,0,0,0,0
64935,三地门,,0,0,0,0,0,0
63387,朗县,,0,0,0,0,0,0
143869,麻阳,,0,0,0,0,0,0
176933,扶余,,0,0,0,0,0,0
21188,来古村,,20,0,0,0,0,0
10189,香港,购物 亲子 茶餐厅 夜生活 化妆品 数码电子 甜品店 老茶楼 蜜月,25145,12399,2144,2989,6054,1212
144152,昌图,,0,0,0,0,0,0
143880,桑植,,0,0,0,0,0,0
64143,仲巴,,0,0,0,0,0,0
64718,富拉尔基,,0,0,0,0,0,0
143874,保靖,,0,0,0,0,0,0
10206,澳门,历史城区 甜品 葡式蛋挞 大型表演 猪扒包 赌城 精品店 杏仁饼 高空极限冒险,8586,6660,2605,2525,625,905
143818,汤原,,0,0,0,0,0,0
20095,乾州镇,,0,0,0,0,0,0
62926,曲水,,0,0,0,0,0,0
10035,成都,小吃 火锅 公园 春熙路 古镇 博物馆 龙抄手 锦里 宽窄巷子,19903,10574,3637,4819,1493,625
176765,安达（黑龙江）,,0,0,0,0,0,0
143866,临武,,0,0,0,0,0,0
62956,乃东,,0,0,0,0,0,0
143815,鸡东,,0,0,0,0,0,0
143865,嘉禾,,0,0,0,0,0,0
10136,九寨沟,瀑布 海子 牦牛肉 拍摄地 青稞酒 酥油茶 纪念品 藏羌歌舞 藏谜,8227,4684,3197,988,220,279
62951,洛扎,,17,0,0,0,0,0
143820,桦南,,0,0,0,0,0,0
143875,泸溪,,0,0,0,0,0,0
10143,峨眉山,看猴 清净地 佛教开光纪念品 温泉 豆花 手信 素斋 好吃街 滑雪,3311,2105,608,283,276,938
62955,错那,,0,0,0,0,0,0
140623,汉寿,,0,0,0,0,0,0
176966,双阳,,0,0,0,0,0,0
63520,尼木,,0,0,0,0,0,0
19392,小沙江镇,,0,0,0,0,0,0
143824,勃利,,0,0,0,0,0,0
10061,稻城,古寺庙 骑马 酥油茶 牦牛肉 酸奶 茹布查卡温泉 松茸 咖啡馆 买特产,3824,2094,719,595,152,628
143862,临澧,,0,0,0,0,0,0
143812,绥滨,,0,0,0,0,0,0
64142,措勤,,17,0,0,0,0,0
10011,色达,手工纪念品 酥油茶 牦牛肉 糌粑 枸杞 知母,4099,280,0,101,179,0
143871,冷水江,,0,0,0,0,0,0
143838,望奎,,0,0,0,0,0,0
145312,噶尔,,0,0,0,0,0,0
10091,亚丁,,4300,0,0,0,0,0
143861,安乡,,0,0,0,0,0,0
143837,绥棱,,0,0,0,0,0,0
30185,类乌齐,,0,0,0,0,0,0
175334,蓝山县,,0,0,0,0,0,0
176720,龙江（齐齐哈尔）,,0,0,0,0,0,0
11642,阿坝,,864,0,0,0,0,0
174257,那曲县,,0,0,0,0,0,0
143878,华容,,0,0,0,0,0,0
176723,碾子山,,0,0,0,0,0,0
63508,江达,,0,0,0,0,0,0
10163,都江堰,避暑 火锅 夜生活 腊肉 特产 观全景 看演出 老字号 川菜,1170,797,476,139,94,88
140686,临湘,,0,0,0,0,0,0
144525,海伦,,0,0,0,0,0,0
64141,日土,,0,0,0,0,0,0
143834,明水,,0,0,0,0,0,0
11942,川西,,3743,0,0,0,0,0
18742,马鞍山苗寨,,0,0,0,0,0,0
63547,巴青,,0,0,0,0,0,0
143833,兰西,,0,0,0,0,0,0
175298,邵阳县,,0,0,0,0,0,0
10236,甘孜,,729,0,0,0,0,0
63522,索县,,0,0,0,0,0,0
143882,镇赉,,0,0,0,0,0,0
175340,衡阳县,,0,0,0,0,0,0
11273,乐山,,1111,0,0,0,0,0
62808,白朗,,0,0,0,0,0,0
143831,宝清,,0,0,0,0,0,0
175391,安仁县,,0,0,0,0,0,0
174236,定结县,,0,0,0,0,0,0
143832,集贤,,0,0,0,0,0,0
175337,新田县,,0,0,0,0,0,0
10134,四姑娘山,城市攻略>,2079,0,0,0,0,0
145311,昂仁,,0,0,0,0,0,0
140550,孙吴,,0,0,0,0,0,0
17739,滩头,,0,0,0,0,0,0
10564,若尔盖,深度游 酸奶 牦牛肉 羌族工艺品 黄河鱼 藏族工艺品 藏刀,1453,353,124,178,51,0
143806,肇源,,0,0,0,0,0,0
18135,泗门洲,,0,0,0,0,0,0
63420,曲松,,0,0,0,0,0,0
176828,乌伊岭,,0,0,0,0,0,0
175406,株洲县,,0,0,0,0,0,0
18175,宁金抗沙峰,,0,0,0,0,0,0
11327,海螺沟,周边游 温泉 必游景点 酸奶 腊肉 烤全兔 核桃 樱桃,1212,1210,711,72,51,376
176978,柳河,,0,0,0,0,0,0
15152,洞庭湖,,0,0,0,0,0,0
62953,琼结,,0,0,0,0,0,0
18084,西岭雪山,滑雪 川菜馆 温泉 热气球 豆花 虹鳟鱼,780,416,0,92,0,324
176708,抚顺县,,0,0,0,0,0,0
34333,黑麋峰,,0,0,0,0,0,0
174230,改则县,,0,0,0,0,0,0
176819,五营,,0,0,0,0,0,0
18495,酃峰,,0,0,0,0,0,0
10510,康定,周边游 必游景点 骑马 酥油茶 牦牛肉 牦牛肉干 温泉鸡蛋 泡温泉 买特产,1088,2729,1664,514,197,354
174275,扎囊县,,0,0,0,0,0,0
18938,九嶷山,,0,0,0,0,0,0
143836,庆安,,0,0,0,0,0,0
63504,察雅,,0,0,0,0,0,0
17315,牛背山,城市攻略>,1914,0,0,0,0,0
21347,乌龙山,,0,0,0,0,0,0
176975,通化县,,0,0,0,0,0,0
174272,措美县,,0,0,0,0,0,0
19394,周洛,,0,0,0,0,0,0
11630,西昌,周边深度游 烧烤 醉虾 水果 骑行 米粉 温泉 火把节 苦荞茶,932,1050,242,421,133,254
176690,清河（铁岭）,,0,0,0,0,0,0
174227,革吉县,,0,0,0,0,0,0
16007,东江湖,,0,0,0,0,0,0
176654,辽阳县,,0,0,0,0,0,0
174287,洛隆县,,0,0,0,0,0,0
10462,毕棚沟,周边游 温泉 滑雪 买特产 跳锅庄 藏式火锅 酥油茶 松茸,1263,608,394,26,33,155
17903,紫鹊界,,0,0,0,0,0,0
176582,阜新县,,0,0,0,0,0,0
174245,南木林县,,0,0,0,0,0,0
10323,青城山,周边游 青城后山 青城前山 青城四绝 腊肉 美食 白果炖鸡 泡温泉,943,952,665,122,150,15
176831,金山屯,,0,0,0,0,0,0
10833,莽山,,85,0,0,0,0,0
174260,聂荣县,,0,0,0,0,0,0
176543,朝阳县,,0,0,0,0,0,0
18287,韭菜岭,,0,0,0,0,0,0
12112,雅安,,714,0,0,0,0,0
63403,桑日,,0,0,0,0,0,0
143563,西林（伊春）,,0,0,0,0,0,0
16008,~山,,108,0,0,0,0,0
174284,边坝县,,0,0,0,0,0,0
14727,新都桥,必游景点 藏寨古碉 贡嘎观景点 酥油茶 牦牛肉 糌粑,842,593,488,105,0,0
176834,新青区,,0,0,0,0,0,0
16004,马王堆,,0,0,0,0,0,0
62818,嘉黎,,0,0,0,0,0,0
176813,上甘岭,,0,0,0,0,0,0
10838,阆中,,791,0,0,0,0,0
17927,扶苍山,,0,0,0,0,0,0
174266,林周县,,0,0,0,0,0,0
22405,杨木沟,,0,0,0,0,0,0
18371,永州阳明山,,0,0,0,0,0,0
174293,贡觉县,,0,0,0,0,0,0
13663,绵阳,城市攻略>,477,0,0,0,0,0
176585,清河门,,0,0,0,0,0,0
22093,卡若拉冰川,,0,0,0,0,0,0
10133,武汉,热干面 小吃 豆皮 江汉路 光谷步行街 鸭脖 古迹 百年建筑 密室逃脱,9107,4042,139,2628,1275,0
10347,贡嘎,,860,0,0,0,0,0
143823,穆棱,,0,0,0,0,0,0
26026,然乌,,0,0,0,0,0,0
143889,东丰,,0,0,0,0,0,0
10521,恩施,土家文化 合渣 恩施豆皮 格格 恩施豆干 西兰卡普 红衣米花生 山水风光,2471,412,233,151,28,0
10162,黄龙,,617,0,0,0,0,0
17776,大昭寺,,114,0,0,0,0,0
176927,长岭,,0,0,0,0,0,0
10489,神农架,神农架腊肉 滑雪 中草药 懒豆腐 土蜂蜜 漂流 香菇 农家菜,1336,211,0,87,66,58
174254,申扎县,,0,0,0,0,0,0
10403,丹巴,,586,0,0,0,0,0
143829,依安,,0,0,0,0,0,0
176894,梨树（鸡西）,,0,0,0,0,0,0
56333,布达拉宫,,147,0,0,0,0,0
10490,宜昌,,995,0,0,0,0,0
10691,汶川,,397,0,0,0,0,0
143825,拜泉,,0,0,0,0,0,0
34324,甘丹寺,,0,0,0,0,0,0
11257,武当山,,1192,0,0,0,0,0
16216,大邑,,265,0,0,0,0,0
176915,宝山（双鸭山）,,0,0,0,0,0,0
21202,马卡鲁峰,,0,0,0,0,0,0
176948,伊通县,,0,0,0,0,0,0
174251,仁布县,,0,0,0,0,0,0
10705,三峡,城市攻略>,1258,0,0,0,0,0
10816,泸定,,309,0,0,0,0,0
143835,青冈,,0,0,0,0,0,0
174233,谢通门县,,0,0,0,0,0,0
10787,襄阳,,443,0,0,0,0,0
12555,宜宾,,321,0,0,0,0,0
143819,桦川,,0,0,0,0,0,0
34334,扎什伦布寺,,0,0,0,0,0,0
13368,咸宁,,391,0,0,0,0,0
143890,东辽,,0,0,0,0,0,0
174248,康马县,,0,0,0,0,0,0
14669,广元,,371,0,0,0,0,0
176807,带岭区,,0,0,0,0,0,0
11293,十堰,,146,0,0,0,0,0
11427,羊卓雍错,,213,0,0,0,0,0
21667,理县,,340,0,0,0,0,0
17807,笔架山,,74,0,0,0,0,0
21988,雍布拉康,,0,0,0,0,0,0
14124,荆州,,231,0,0,0,0,0
10509,理塘,,292,0,0,0,0,0
19608,西中岛,,0,0,0,0,0,0
19579,米堆冰川,,0,0,0,0,0,0
14202,黄石,,160,0,0,0,0,0
15982,蜀南竹海,,332,0,0,0,0,0
21061,大长山岛,,0,0,0,0,0,0
18191,雅鲁藏布大峡谷,,0,0,0,0,0,0
22112,黄冈,,80,0,0,0,0,0
176888,麻山,,0,0,0,0,0,0
12038,攀枝花,,171,0,0,0,0,0
20364,尼洋河,,0,0,0,0,0,0
21589,黄陂,,0,0,0,0,0,0
18587,防川,,0,0,0,0,0,0
22090,南伊沟,,0,0,0,0,0,0
19312,彭州,,484,0,0,0,0,0
10786,随州,,106,0,0,0,0,0
10782,扎龙,,80,0,0,0,0,0
10826,巴松错,,33,0,0,0,0,0
63021,双流,,44,0,0,0,0,0
64069,利川,,191,0,0,0,0,0
18703,连环湖,,0,0,0,0,0,0
174278,隆子县,,0,0,0,0,0,0
14653,自贡,,259,0,0,0,0,0
35026,关门山,,0,0,0,0,0,0
25449,荆门,,40,0,0,0,0,0
27551,米拉山,,0,0,0,0,0,0
18829,南充,,121,0,0,0,0,0
23098,南迦巴瓦峰,,0,0,0,0,0,0
16019,净月潭,,0,0,0,0,0,0
143840,鹤峰,,359,0,0,0,0,0
14754,凉山,,173,0,0,0,0,0
30044,海洋岛,,0,0,0,0,0,0
11239,贵阳,公园 贵阳菜 小吃 酸汤鱼 亲子 玩水 娱乐热点 怀旧 玫瑰糖,2043,1401,533,675,37,156
17481,麻城,,0,0,0,0,0,0
19459,菊花岛,,0,0,0,0,0,0
13518,泸州,,201,0,0,0,0,0
62065,孝感,,0,0,0,0,0,0
10381,黔东南,镇远 凯里 天下之最 从江 酸汤鱼 牛肉粉,2325,3406,1953,1453,0,0
39453,塞里岛,,0,0,0,0,0,0
19375,邛崃,,205,0,0,0,0,0
64074,丹江口,,30,0,0,0,0,0
11932,荔波,必游 家常菜 美食聚集地 豆花烤鱼 水春河漂流 购物街 荔波银饰 荔波青梅酒 《水韵樟江》实景演出,1138,820,381,315,44,80
18166,花脖山,,0,0,0,0,0,0
18415,松潘,,151,0,0,0,0,0
64027,赤壁,,94,0,0,0,0,0
20556,拉法山,,0,0,0,0,0,0
10085,黄果树瀑布景区,奇潭飞瀑 必游 《西游记》 农家菜 漂流 肠旺面 花江狗肉 蜡染 波波糖,1390,1176,989,140,13,34
16273,鄂州,,0,0,0,0,0,0
15128,眉山,,118,0,0,0,0,0
23051,雪谷,,115,0,0,0,0,0
14753,镇远,,1165,0,0,0,0,0
21374,洪湖,,0,0,0,0,0,0
18974,德阳,,147,0,0,0,0,0
19706,紫烟薰衣草庄园,,0,0,0,0,0,0
14484,西江,,1150,0,0,0,0,0
62977,天门,,0,0,0,0,0,0
18679,江油,,180,0,0,0,0,0
18309,波罗湖,,0,0,0,0,0,0
17256,钟祥,,82,0,0,0,0,0
13868,安顺,,447,0,0,0,0,0
20955,镜泊湖,,0,0,0,0,0,0
64481,黑水,,276,0,0,0,0,0
64081,罗田,,0,0,0,0,0,0
10376,遵义,红色旅游 茅台酒 羊肉粉 红色周边 红油米皮 豆花面 酒吧 温泉 苕丝糖,436,56,27,14,15,0
17996,伏尔加庄园,,0,0,0,0,0,0
64474,茂县,,290,0,0,0,0,0
21530,大悟,,0,0,0,0,0,0
176726,甘南（齐齐哈尔）,,0,0,0,0,0,0
10275,梵净山,山顶 必游 石林 农家菜 江口米豆腐 山货 梵净山牛干巴 锅巴粉 太平河漂流,698,480,432,37,11,0
14767,黄龙溪,,391,0,0,0,0,0
21641,安陆,,55,0,0,0,0,0
16306,哈仙岛,,0,0,0,0,0,0
10046,赤水,必游 瀑布 古镇 豆花 老店 腊肉、腊肠 竹笋干货 虫茶,702,426,318,87,21,0
21261,米亚罗,,131,0,0,0,0,0
33436,瓜皮岛,,0,0,0,0,0,0
64073,巴东,,34,0,0,0,0,0
11254,兴义,必游 深度游 刷把头 剪粉 杠子面 饵块粑,491,261,209,52,0,0
35073,天桥沟,,0,0,0,0,0,0
12427,北川,,225,0,0,0,0,0
62976,潜江,,28,0,0,0,0,0
15169,珍宝岛,,0,0,0,0,0,0
10474,凯里,,245,0,0,0,0,0
175214,江夏区,,0,0,0,0,0,0
14946,红原,,244,0,0,0,0,0
176804,乌马河,,0,0,0,0,0,0
10014,青岩古镇,,361,0,0,0,0,0
140666,长阳,,73,0,0,0,0,0
14238,遂宁,,90,0,0,0,0,0
20469,浑河源,,0,0,0,0,0,0
140620,宜都,,0,0,0,0,0,0
13707,铜仁,,147,0,0,0,0,0
21831,广安,,126,0,0,0,0,0
10065,北京,名胜古迹 胡同儿 北京烤鸭 博物馆 王府井 酒吧 炸酱面 瓷瓶儿酸奶 前门大栅栏,38240,16443,8021,4425,2645,1352
10788,南漳,,59,0,0,0,0,0
10103,肇兴,,483,0,0,0,0,0
63013,米易,,66,0,0,0,0,0
10099,上海,摄影 城隍庙 夜景 古镇 酒吧 血拼 游船 生煎 演出,22566,8204,4160,1820,577,1647
18427,郧西,,51,0,0,0,0,0
12950,黔南,,139,0,0,0,0,0
15981,剑阁,,163,0,0,0,0,0
62978,仙桃,,0,0,0,0,0,0
10208,重庆,火锅 自然 酸辣粉 小面 解放碑 手信 古镇 夜景 游船,18412,12808,3538,5600,2140,1530
10839,六盘水,,163,0,0,0,0,0
15274,巴中,,100,0,0,0,0,0
143857,孝昌,,0,0,0,0,0,0
10320,天津,夜景 熟梨糕 耳朵眼炸糕 茶汤 小吃 游乐园 相声 工艺四绝 博物馆,7875,7452,365,3512,1163,2412
11799,黔西南,,224,0,0,0,0,0
26923,郫县,,109,0,0,0,0,0
27879,京山,,0,0,0,0,0,0
140745,英山县,,0,0,0,0,0,0
63085,从江,,164,0,0,0,0,0
15984,邛海,,236,0,0,0,0,0
18264,红安,,31,0,0,0,0,0
16879,毕节,,129,0,0,0,0,0
34802,崇州,,161,0,0,0,0,0
64082,黄梅,,28,0,0,0,0,0
31110,镇宁,,0,0,0,0,0,0
21832,达州,,68,0,0,0,0,0
64080,通山,,0,0,0,0,0,0
22068,雷山,,63,0,0,0,0,0
14769,洛带古镇,,171,0,0,0,0,0
175211,东西湖区,,0,0,0,0,0,0
29378,莫斯卡,,0,0,0,0,0,0
27474,花溪,,163,0,0,0,0,0
175208,蔡甸区,,0,0,0,0,0,0
153088,达瓦更扎,,0,0,0,0,0,0
10401,威宁,城市攻略>,142,0,0,0,0,0
64077,当阳,,21,0,0,0,0,0
11610,川北,,239,0,0,0,0,0
17915,都匀,,75,0,0,0,0,0
30045,秭归,,0,0,0,0,0,0
15979,安仁古镇,,168,0,0,0,0,0
63421,蕲春,,0,0,0,0,0,0
63082,黎平,,55,0,0,0,0,0
44453,内江,,47,0,0,0,0,0
143843,大冶,,0,0,0,0,0,0
63073,织金,,103,0,0,0,0,0
64083,阳新,,0,0,0,0,0,0
46641,汉源,,207,0,0,0,0,0
28346,榕江,,51,0,0,0,0,0
10789,远安,,0,0,0,0,0,0
11719,巴塘,,165,0,0,0,0,0
10221,岜沙,,101,0,0,0,0,0
64070,咸丰,,34,0,0,0,0,0
16463,犍为,,191,0,0,0,0,0
143429,丹寨,,41,0,0,0,0,0
64072,建始,,29,0,0,0,0,0
15983,马尔康,,111,0,0,0,0,0
63075,盘县,,52,0,0,0,0,0
143853,崇阳,,0,0,0,0,0,0
13816,平乐古镇,,173,0,0,0,0,0
140621,谷城,,0,0,0,0,0,0
10331,天龙屯堡,,55,0,0,0,0,0
37839,温江,,0,0,0,0,0,0
175238,新洲区,,0,0,0,0,0,0
63074,黔西,,48,0,0,0,0,0
66245,荥经,,59,0,0,0,0,0
25311,汉川,,0,0,0,0,0,0
22024,郎德,,50,0,0,0,0,0
143851,广水,,0,0,0,0,0,0
20910,柳江古镇,,182,0,0,0,0,0
206888,赤水河谷,,0,0,0,0,0,0
140683,松滋,,0,0,0,0,0,0
36836,金川,,201,0,0,0,0,0
63080,桐梓,,0,0,0,0,0,0
64076,五峰,,0,0,0,0,0,0
15975,街子古镇,,147,0,0,0,0,0
24324,贵定,,38,0,0,0,0,0
143847,房县,,0,0,0,0,0,0
10315,唐克,,121,0,0,0,0,0
63081,三都,,0,0,0,0,0,0
140748,应城,,0,0,0,0,0,0
174428,盐源县,,0,0,0,0,0,0
16871,开阳,,44,0,0,0,0,0
64071,宣恩,,0,0,0,0,0,0
17625,木里,,137,0,0,0,0,0
143855,保康,,0,0,0,0,0,0
63078,晴隆,,33,0,0,0,0,0
84541,新都,,52,0,0,0,0,0
140618,兴山县,,0,0,0,0,0,0
21254,堂安,,41,0,0,0,0,0
140746,枣阳,,0,0,0,0,0,0
10598,上里,,150,0,0,0,0,0
143425,大方,,26,0,0,0,0,0
43564,浠水,,0,0,0,0,0,0
18329,映秀,,106,0,0,0,0,0
140675,龙里,,29,0,0,0,0,0
143842,武穴,,0,0,0,0,0,0
15980,新津,必游 赏花 小吃 河鲜 黄辣丁 农家乐 张牛肉,63,37,37,0,0,0
27665,赫章,,0,0,0,0,0,0
18171,来凤,,0,0,0,0,0,0
63461,宝兴,,93,0,0,0,0,0
143770,道真,,0,0,0,0,0,0
143850,竹溪,,0,0,0,0,0,0
143854,嘉鱼县,,0,0,0,0,0,0
140674,平塘,,0,0,0,0,0,0
63044,平武,,103,0,0,0,0,0
140744,通城,,0,0,0,0,0,0
140601,仁怀,,28,0,0,0,0,0
18173,洪雅,,79,0,0,0,0,0
143858,云梦,,0,0,0,0,0,0
63076,绥阳,,0,0,0,0,0,0
24438,广汉,,93,0,0,0,0,0
143856,老河口,,0,0,0,0,0,0
143442,石阡,,16,0,0,0,0,0
63005,九龙,,120,0,0,0,0,0
143848,郧阳区,,0,0,0,0,0,0
140586,湄潭,,33,0,0,0,0,0
66243,小金,,86,0,0,0,0,0
143860,枝江,,0,0,0,0,0,0
11330,紫云,,22,0,0,0,0,0
143852,随县,,0,0,0,0,0,0
63014,石棉县,,79,0,0,0,0,0
63079,贞丰,,27,0,0,0,0,0
64078,沙洋,,0,0,0,0,0,0
63057,南江,,60,0,0,0,0,0
64463,习水,,0,0,0,0,0,0
84899,汉南,,0,0,0,0,0,0
63039,金堂,,0,0,0,0,0,0
140607,剑河,,0,0,0,0,0,0
143859,宜城,,0,0,0,0,0,0
84660,龙泉驿,,0,0,0,0,0,0
66254,平坝县,,0,0,0,0,0,0
143846,石首,,0,0,0,0,0,0
28991,什邡,,0,0,0,0,0,0
143845,监利,,0,0,0,0,0,0
21793,小黄侗寨,,24,0,0,0,0,0
27663,水磨古镇,,68,0,0,0,0,0
143849,竹山县,,0,0,0,0,0,0
140585,福泉,,0,0,0,0,0,0
35423,德格,,62,0,0,0,0,0
143844,公安县,,0,0,0,0,0,0
143435,罗甸,,0,0,0,0,0,0
10374,格聂,城市攻略>,78,0,0,0,0,0
143841,团风,,0,0,0,0,0,0
143768,关岭,,0,0,0,0,0,0
175187,江陵县,,0,0,0,0,0,0
143443,思南,,0,0,0,0,0,0
63015,天全,,67,0,0,0,0,0
26306,文佛山,,0,0,0,0,0,0
143426,清镇,,0,0,0,0,0,0
10638,白玉,,76,0,0,0,0,0
22942,习家池,,0,0,0,0,0,0
64477,独山,,0,0,0,0,0,0
62950,雅江,,61,0,0,0,0,0
51644,昙华林,,0,0,0,0,0,0
63610,江口,,19,0,0,0,0,0
60642,蒲江,,0,0,0,0,0,0
24362,木兰天池,,0,0,0,0,0,0
66255,台江,,0,0,0,0,0,0
144528,屏山,,154,0,0,0,0,0
19591,漳河水库,,0,0,0,0,0,0
143432,天柱,,0,0,0,0,0,0
42884,绵竹,,0,0,0,0,0,0
17740,武赤壁,,0,0,0,0,0,0
143430,黄平,,0,0,0,0,0,0
17976,神农架老君山,,0,0,0,0,0,0
10271,道孚,,53,0,0,0,0,0
140584,修文,,0,0,0,0,0,0
16012,户部巷,,0,0,0,0,0,0
29010,李庄古镇,,57,0,0,0,0,0
143434,惠水,,0,0,0,0,0,0
14776,黄鹤楼,,0,0,0,0,0,0
62078,资阳,,19,0,0,0,0,0
143444,松桃,,0,0,0,0,0,0
18799,文赤壁,,0,0,0,0,0,0
63048,隆昌,,0,0,0,0,0,0
66253,水城,,0,0,0,0,0,0
20472,大九湖,,48,0,0,0,0,0
63007,会理,,33,0,0,0,0,0
143428,息烽,,18,0,0,0,0,0
19704,古隆中,,0,0,0,0,0,0
16165,炉霍,,34,0,0,0,0,0
15968,大同古镇,,0,0,0,0,0,0
33317,罗田天堂寨,,0,0,0,0,0,0
62949,新龙县,,26,0,0,0,0,0
28507,隆里,,0,0,0,0,0,0
10440,黄山,日出 云海 日落 毛豆腐 温泉 臭鳜鱼 蟹壳黄 徽墨歙砚 徽韵,9867,5189,3527,949,169,544
63006,冕宁,,0,0,0,0,0,0
66256,锦屏,,0,0,0,0,0,0
10825,宏村,周边古村 写生 徽派建筑 酒 徽州三雕 毛豆腐 臭鳜鱼 特产 蟹壳黄,2457,2078,711,393,645,329
63056,华蓥,,0,0,0,0,0,0
63084,施秉县,,0,0,0,0,0,0
10793,合肥,自然风光 历史古迹 徽菜 小龙虾 老母鸡汤 亲子 银鱼 巢湖螃蟹 黄梅戏,865,244,208,36,0,0
21469,乡城,,35,0,0,0,0,0
63077,安龙县,,0,0,0,0,0,0
35409,简阳,,0,0,0,0,0,0
11264,九华山,,857,0,0,0,0,0
63083,麻江县,,0,0,0,0,0,0
63049,青川,,0,0,0,0,0,0
10803,芜湖,,407,0,0,0,0,0
143431,三穗,,0,0,0,0,0,0
35213,石渠,,32,0,0,0,0,0
174677,六枝特区,,0,0,0,0,0,0
14745,徽杭古道,,880,0,0,0,0,0
25843,彭山,,24,0,0,0,0,0
143440,兴仁,,0,0,0,0,0,0
13125,歙县,城市攻略>,464,0,0,0,0,0
63052,叙永,,0,0,0,0,0,0
143710,纳灰村,,0,0,0,0,0,0
14978,黟县,城市攻略>,195,0,0,0,0,0
15969,南龙古寨,,0,0,0,0,0,0
16422,大渡河,,50,0,0,0,0,0
143436,瓮安,,0,0,0,0,0,0
11443,西递,,296,0,0,0,0,0
63055,古蔺,,40,0,0,0,0,0
143771,务川,,0,0,0,0,0,0
63017,仁寿县,,0,0,0,0,0,0
11259,宣城,,224,0,0,0,0,0
143450,正安,,0,0,0,0,0,0
63047,安岳,,0,0,0,0,0,0
22673,绩溪,,235,0,0,0,0,0
143447,玉屏侗族自治县,,0,0,0,0,0,0
63018,金口河,,0,0,0,0,0,0
14941,天柱山,,329,0,0,0,0,0
143446,印江土家族苗族自治县,,0,0,0,0,0,0
23413,昭化古镇,,36,0,0,0,0,0
24998,皖南,,446,0,0,0,0,0
140616,长顺,,0,0,0,0,0,0
10235,壤塘,,21,0,0,0,0,0
10801,纳雍,,0,0,0,0,0,0
12058,安庆,,127,0,0,0,0,0
63020,沐川,,0,0,0,0,0,0
143441,德江,,0,0,0,0,0,0
15364,蚌埠,,89,0,0,0,0,0
17731,峨边,,0,0,0,0,0,0
143448,凤冈,,0,0,0,0,0,0
24598,罗江,,0,0,0,0,0,0
18741,马鞍山,,119,0,0,0,0,0
143438,普安,,0,0,0,0,0,0
63058,大竹,,0,0,0,0,0,0
39486,池州,,118,0,0,0,0,0
143437,册亨,,0,0,0,0,0,0
63054,合江,,0,0,0,0,0,0
15743,滁州,,156,0,0,0,0,0
143449,余庆,,0,0,0,0,0,0
63051,大英,,0,0,0,0,0,0
16230,塔川,,203,0,0,0,0,0
25409,车江三宝侗寨,,0,0,0,0,0,0
66244,盐边,,0,0,0,0,0,0
30700,施洞,,0,0,0,0,0,0
11328,六安,,98,0,0,0,0,0
63042,兴文,,27,0,0,0,0,0
21922,摆贝,,0,0,0,0,0,0
150368,万源,,0,0,0,0,0,0
11274,查济,,258,0,0,0,0,0
174710,万山区,,0,0,0,0,0,0
33119,射洪,,0,0,0,0,0,0
27725,泾县,,241,0,0,0,0,0
143769,金沙县,,0,0,0,0,0,0
25054,元通,,0,0,0,0,0,0
14382,三河古镇,,151,0,0,0,0,0
143439,望谟,,0,0,0,0,0,0
174536,中江县,,0,0,0,0,0,0
143424,普定,,0,0,0,0,0,0
22564,巢湖,,93,0,0,0,0,0
16715,武胜,,19,0,0,0,0,0
143445,沿河土家族自治县,,0,0,0,0,0,0
44963,淮南,,56,0,0,0,0,0
19183,望鱼古镇,,0,0,0,0,0,0
143433,岑巩,,0,0,0,0,0,0
174509,青白江区,,0,0,0,0,0,0
33980,呈坎,,138,0,0,0,0,0
18092,南江大峡谷,,0,0,0,0,0,0
63011,雷波县,,0,0,0,0,0,0
22946,铜陵,,52,0,0,0,0,0
60284,织金洞,,0,0,0,0,0,0
25128,渠县,,0,0,0,0,0,0
20566,亳州,,106,0,0,0,0,0
17179,水银河,,0,0,0,0,0,0
66247,资中,,0,0,0,0,0,0
15091,淮北,,0,0,0,0,0,0
22435,茂兰,,54,0,0,0,0,0
140577,安县,,0,0,0,0,0,0
26003,休宁,,120,0,0,0,0,0
16886,牛棚梁子,,0,0,0,0,0,0
63046,荣县,,0,0,0,0,0,0
16327,石潭,,163,0,0,0,0,0
16741,加榜梯田,,67,0,0,0,0,0
19973,彭镇,,0,0,0,0,0,0
16787,金寨,,0,0,0,0,0,0
22345,韭菜坪,,0,0,0,0,0,0
144532,乐至,,0,0,0,0,0,0
22800,长嵌沟,,0,0,0,0,0,0
64465,青阳,,0,0,0,0,0,0
66248,邻水,,0,0,0,0,0,0
32450,马岭河峡谷,,0,0,0,0,0,0
63016,青神,,0,0,0,0,0,0
30827,石台,,112,0,0,0,0,0
30494,罗泉古镇,,0,0,0,0,0,0
10195,西安,博物馆 小吃 遗迹 牛羊肉泡馍 肉夹馍 仿唐歌舞 柿子饼 皮影 酒吧,22219,13377,5007,5433,1047,1890
62057,阜阳,,0,0,0,0,0,0
174554,威远县,,0,0,0,0,0,0
64543,宁国,,0,0,0,0,0,0
10799,青海湖,山色 历史遗迹 餐厅 小清新 手抓羊肉 老酸奶,12930,6450,5084,1366,0,0
140583,通江,,0,0,0,0,0,0
62058,宿州,,0,0,0,0,0,0
10240,敦煌,东线 石窟 西线 餐饮名店 驴肉黄面 杏皮水 李广杏 购物,6723,7077,4847,1943,287,0
141446,虹口乡,,0,0,0,0,0,0
64457,寿县,,51,0,0,0,0,0
174431,德昌县,,0,0,0,0,0,0
10577,华山,北峰 西峰 东峰 锁 租赁 皮影 凉粉 夜市,3872,4085,2997,71,1017,0
15143,桐城,,26,0,0,0,0,0
63008,普格,,0,0,0,0,0,0
10800,西宁,酸奶 消遣地 酿皮 购物热点 青海老酸奶 手抓羊肉 红景天,2744,1226,0,659,276,291
64459,岳西,,0,0,0,0,0,0
63045,梓潼,,0,0,0,0,0,0
17882,家朋,,0,0,0,0,0,0
10783,兰州,历史 兰州牛肉面 购物街 大漠风光 美食街 兰州拉面 羊皮筏子 商场 酒吧街,1938,2176,664,935,367,210
140581,宣汉,,0,0,0,0,0,0
18715,南屏,,39,0,0,0,0,0
140578,苍溪,,0,0,0,0,0,0
10076,甘南,寺庙 湖光山色 草原 酸奶 唐卡 糌粑 酥油茶 藏式饰品,3487,3135,2545,442,148,0
140613,旌德,,0,0,0,0,0,0
63053,泸县,,0,0,0,0,0,0
10218,乌鲁木齐,必游景点 水果 买特产 葡萄 烤肉 深度游 博物馆 民族歌舞 花帽,1286,1236,479,488,225,44
64470,凤阳,,23,0,0,0,0,0
63019,夹江,,0,0,0,0,0,0
10732,喀纳斯,必游景点 喀纳斯景区 骑马 烤鱼 烤肉串 馕 漂流 图瓦工艺品 马拉雪橇,2133,1508,931,323,27,227
64461,潜山,,0,0,0,0,0,0
63041,长宁,,17,0,0,0,0,0
64466,肥西,,0,0,0,0,0,0
10771,银川,人文历史 面食 贺兰山 回乡情 手抓羊肉 宁夏枸杞 涮羊肉 宁夏地毯,1866,1282,795,434,53,0
185132,川主寺镇,,0,0,0,0,0,0
174527,三台县,,0,0,0,0,0,0
132248,深渡镇,,20,0,0,0,0,0
11340,张掖,古建筑 公园 周边 美食聚集地 搓鱼 卷子鸡,1802,1460,1100,360,0,0
63050,旺苍,,0,0,0,0,0,0
42544,唐模,,33,0,0,0,0,0
11471,伊犁,伊犁瓜果 草原 赏花 历史景点 烤肉 手抓饭 马奶 干果 温泉,1352,1453,809,211,400,33
144533,富顺,,0,0,0,0,0,0
64455,霍山县,,0,0,0,0,0,0
10757,北疆,,1989,0,0,0,0,0
174590,南部县,,0,0,0,0,0,0
64544,祁门,,0,0,0,0,0,0
63009,宁南,,0,0,0,0,0,0
11353,嘉峪关,必游 面食店 杏皮茶 美食街 夜光杯 葡萄酒 嘉峪石砚,775,928,515,368,45,0
187160,齐云山镇,,0,0,0,0,0,0
144529,筠连,,0,0,0,0,0,0
64456,舒城,,0,0,0,0,0,0
15293,酒泉,,101,0,0,0,0,0
174605,蓬安县,,0,0,0,0,0,0
60721,广德,,27,0,0,0,0,0
10087,壶口瀑布,瀑布全攻略 骑毛驴 陕北红枣 黄河鲤鱼 旱地行船 牛肉丸子面 周边游 周边食店 吉县苹果,885,585,417,28,50,90
174473,丹棱县,,0,0,0,0,0,0
11261,当涂,,0,0,0,0,0,0
174611,营山县,,0,0,0,0,0,0
11349,延安,,761,0,0,0,0,0
42226,卢村,,25,0,0,0,0,0
26062,高庙镇,,0,0,0,0,0,0
18372,咸阳,帝王陵寝 博物馆 特色小吃 肉夹馍 关中民俗 醪糟 秦腔 豆腐脑 温泉,323,226,171,55,0,0
143522,西溪南镇,,0,0,0,0,0,0
174470,名山区,,0,0,0,0,0,0
143304,天长,,0,0,0,0,0,0
10468,喀什,必游景点 市内游 自然风景 巴扎 馕 酸奶 抓饭 地毯,904,902,557,195,150,0
21382,怀远古镇,,0,0,0,0,0,0
24525,棠樾,,26,0,0,0,0,0
15985,瓦切,,0,0,0,0,0,0
10469,吐鲁番,必游景点 水果 葡萄 新疆菜 烤肉 民族歌舞 坐驴车 围巾 花帽,577,741,211,291,178,61
15072,潜口,,20,0,0,0,0,0
16798,得荣,,0,0,0,0,0,0
10531,太白山,徒步穿越 臊子面 油泼面 拔仙绝顶 斗母奇峰 锅盔 核桃 太白酒,819,160,144,16,0,0
64468,庐江,,0,0,0,0,0,0
63010,美姑,,0,0,0,0,0,0
18400,阿勒泰,,146,0,0,0,0,0
174608,仪陇县,,0,0,0,0,0,0
143326,和县,,0,0,0,0,0,0
19603,祁连,,463,0,0,0,0,0
174578,蓬溪县,,0,0,0,0,0,0
29908,定远,,0,0,0,0,0,0
144527,江安,,0,0,0,0,0,0
64458,太湖县,,0,0,0,0,0,0
13366,汉中,油菜花 自驾 面皮 何辅唐 菜豆腐 行摄 腊肉 核桃馍 粉皮,550,390,248,81,30,31
174593,西充县,,0,0,0,0,0,0
140672,颍上,,0,0,0,0,0,0
10770,沙坡头,黄河流经的沙漠 骑沙漠骆驼 鸣钟滑沙 沙海冲浪 手抓羊肉 宁夏枸杞 羊杂碎 黄河鲤鱼 贺兰石,470,430,150,22,18,240
174455,仁和区,,0,0,0,0,0,0
64546,怀远,,17,0,0,0,0,0
10784,天水,,515,0,0,0,0,0
174467,芦山县,,0,0,0,0,0,0
143303,全椒,,0,0,0,0,0,0
174530,盐亭县,,0,0,0,0,0,0
14369,宝鸡,,400,0,0,0,0,0
64467,肥东,,0,0,0,0,0,0
145301,马尼干戈,,0,0,0,0,0,0
143521,太和,,0,0,0,0,0,0
10832,禾木,奶茶 工艺品 羊肉 馕 冬虫夏草 鹿茸,482,164,0,122,42,0
174626,平昌县,,0,0,0,0,0,0
64464,濉溪,,0,0,0,0,0,0
14777,渭南,,116,0,0,0,0,0
146002,猎塔湖,,0,0,0,0,0,0
143525,南陵,,0,0,0,0,0,0
16480,俄亚,,0,0,0,0,0,0
18790,中卫,,377,0,0,0,0,0
139682,霞坑,,0,0,0,0,0,0
174434,越西县,,0,0,0,0,0,0
143355,蒙城,,0,0,0,0,0,0
10817,年保玉则,仙女湖 徒步穿越 南北穿越 酥油茶 糌粑 馓子与手抓肉,462,160,160,0,0,0
174614,岳池县,,0,0,0,0,0,0
143526,无为,,0,0,0,0,0,0
13153,门源,,349,0,0,0,0,0
174437,会东县,,0,0,0,0,0,0
64545,明光,,0,0,0,0,0,0
20876,格尔木,,211,0,0,0,0,0
174518,南溪区,,0,0,0,0,0,0
143328,砀山,,0,0,0,0,0,0
140579,喜德,,0,0,0,0,0,0
143298,东至,,0,0,0,0,0,0
17988,布尔津,,164,0,0,0,0,0
174638,开江县,,0,0,0,0,0,0
143524,繁昌,,0,0,0,0,0,0
60742,华阴,,20,0,0,0,0,0
144530,珙县,,0,0,0,0,0,0
64462,萧县,,0,0,0,0,0,0
11613,榆林,古建筑 榆林豆腐 羊杂碎 拼三鲜 陕西剪纸 果馅 陕北风光,346,33,19,14,0,0
174443,甘洛县,,0,0,0,0,0,0
143325,含山,,0,0,0,0,0,0
10758,南疆,,562,0,0,0,0,0
174440,昭觉县,,0,0,0,0,0,0
18277,蔡村,,0,0,0,0,0,0
174491,井研县,,0,0,0,0,0,0
143291,望江,,0,0,0,0,0,0
10055,可可西里,,275,0,0,0,0,0
174479,马边彝族自治县,,0,0,0,0,0,0
143360,郎溪,,0,0,0,0,0,0
11348,哈密,,210,0,0,0,0,0
174629,恩阳区,,0,0,0,0,0,0
140610,长丰,,0,0,0,0,0,0
84669,临潼,,163,0,0,0,0,0
174545,沿滩区,,0,0,0,0,0,0
84723,涡阳,,0,0,0,0,0,0
16813,海西,,71,0,0,0,0,0
16717,双沙,,0,0,0,0,0,0
143306,界首,,0,0,0,0,0,0
176207,芜湖县,,0,0,0,0,0,0
15017,克拉玛依,,135,0,0,0,0,0
174449,金阳县,,0,0,0,0,0,0
64460,宿松,,0,0,0,0,0,0
63040,高县,,0,0,0,0,0,0
17879,天山,,462,0,0,0,0,0
143307,临泉,,0,0,0,0,0,0
174446,布拖县,,0,0,0,0,0,0
12444,德令哈,,151,0,0,0,0,0
143300,来安,,0,0,0,0,0,0
20698,大藏寺,,0,0,0,0,0,0
19730,扎尕那,,303,0,0,0,0,0
34950,五河,,0,0,0,0,0,0
21479,鼓城山,,0,0,0,0,0,0
14495,郎木寺,,259,0,0,0,0,0
140609,灵璧,,0,0,0,0,0,0
20387,螺髻山,,53,0,0,0,0,0
66312,固镇,,0,0,0,0,0,0
14410,安康,,177,0,0,0,0,0
33045,伍须海,,0,0,0,0,0,0
143324,霍邱,,0,0,0,0,0,0
18230,金刚寺,,0,0,0,0,0,0
62074,海北藏族自治州,,0,0,0,0,0,0
143354,利辛,,0,0,0,0,0,0
15971,木格措,,0,0,0,0,0,0
10837,拉卜楞寺,,297,0,0,0,0,0
143292,枞阳,,0,0,0,0,0,0
14453,塔公,,81,0,0,0,0,0
13849,武威,,126,0,0,0,0,0
143302,南谯,,0,0,0,0,0,0
23993,毛垭大草原,,0,0,0,0,0,0
143327,泗县,,0,0,0,0,0,0
24828,夏河,,141,0,0,0,0,0
36300,亚青寺,,0,0,0,0,0,0
143305,阜南,,0,0,0,0,0,0
10461,巴郎山,,0,0,0,0,0,0
16142,库车,,169,0,0,0,0,0
139801,郑村镇,,0,0,0,0,0,0
11411,雀儿山,,0,0,0,0,0,0
33919,靖边,,371,0,0,0,0,0
143319,凤台,,0,0,0,0,0,0
35418,新路海,,0,0,0,0,0,0
143290,怀宁,,0,0,0,0,0,0
12289,库尔勒,,156,0,0,0,0,0
31420,日乌切沟,,0,0,0,0,0,0
132249,昌溪乡,,0,0,0,0,0,0
18780,巴王海,,0,0,0,0,0,0
10581,坎布拉,城市攻略>,125,0,0,0,0,0
18394,太平湖,,0,0,0,0,0,0
16697,九架海,,0,0,0,0,0,0
10604,贵德,黄河清 拉鸡山 酿皮 长把梨 干拌 梨酒 软梨 锅盔狗浇尿,135,111,100,11,0,0
24512,垓下,,0,0,0,0,0,0
10318,党岭,,0,0,0,0,0,0
18231,巴音郭楞,,64,0,0,0,0,0
41478,琅琊山,,0,0,0,0,0,0
24540,燕子沟,,0,0,0,0,0,0
27402,龙须山,,0,0,0,0,0,0
11294,玉树,,208,0,0,0,0,0
29937,天意谷,,0,0,0,0,0,0
27269,天堂寨,,0,0,0,0,0,0
21961,猛董,,0,0,0,0,0,0
18008,阿克苏,,76,0,0,0,0,0
17532,牯牛降,,53,0,0,0,0,0
15896,光雾山,,201,0,0,0,0,0
12861,商洛,,111,0,0,0,0,0
27800,皖西大裂谷,,0,0,0,0,0,0
29725,扬扬拉措,,0,0,0,0,0,0
17985,大柴旦,,130,0,0,0,0,0
26390,皇藏峪,,0,0,0,0,0,0
18108,雅家梗,,0,0,0,0,0,0
14943,白哈巴,,137,0,0,0,0,0
17266,清凉峰,,0,0,0,0,0,0
30808,川主寺,,0,0,0,0,0,0
14072,石河子,,66,0,0,0,0,0
18292,桃花潭,,0,0,0,0,0,0
18228,碧峰峡,,0,0,0,0,0,0
132247,蜀源村,,0,0,0,0,0,0
15462,昌吉,,63,0,0,0,0,0
10566,瓦屋山,,31,0,0,0,0,0
10045,婺源,东线 北线 徽派建筑 美术工艺品 荷包红鲤鱼 果酒米酒 清明果 糊豆腐,6262,2933,1852,546,535,0
17015,玉带湖,,0,0,0,0,0,0
45900,平凉,,130,0,0,0,0,0
31873,成都东区音乐公园,,0,0,0,0,0,0
10244,庐山,山水游 诗词游 红色景点 《庐山恋》 购物街 石鱼爆蛋 庐山石耳 庐山石鸡 桂花茶饼,2868,2378,1452,312,324,290
16026,韩城,,192,0,0,0,0,0
174176,伊宁县,,0,0,0,0,0,0
15976,熊猫基地,,147,0,0,0,0,0
12702,武功山,武功山温泉 萍乡炒粉 腊肉、腊味 萍乡小炒肉 高空滑索,2917,118,0,67,0,51
20840,k王山,,0,0,0,0,0,0
17497,陕北,,255,0,0,0,0,0
11754,南昌,人气商场 红色景点 人文景观 娱乐 山水自然 小吃街 瓦罐煨汤 南昌菜 江西珍珠,1334,728,321,148,151,108
16907,九襄,,0,0,0,0,0,0
18202,青木川,,206,0,0,0,0,0
11465,三清山,必游 天象奇观 十大绝景 农家菜 熏香鸡腿 三清山野菜 三清山茶叶 白玉豆,1938,1558,1361,197,0,0
18868,夹金山,,0,0,0,0,0,0
28644,铜川,,129,0,0,0,0,0
15986,神木垒,,0,0,0,0,0,0
10589,景德镇,瓷文化 瓷器 古镇古街 小吃 瓷器市场 家常菜 冷粉 陶瓷集市,713,672,304,114,254,0
63095,伊宁,,104,0,0,0,0,0
21490,东拉山,,33,0,0,0,0,0
15219,上饶,,204,0,0,0,0,0
145705,独库公路,,0,0,0,0,0,0
15977,武侯祠,,0,0,0,0,0,0
11679,九江,,289,0,0,0,0,0
15973,锦里,,0,0,0,0,0,0
18005,和田,,77,0,0,0,0,0
11609,赣州,,437,0,0,0,0,0
15129,邛崃天台山,,0,0,0,0,0,0
24944,果洛,,52,0,0,0,0,0
36763,九龙沟,,0,0,0,0,0,0
11248,井冈山,必游 红色遗迹 景区一览 购物 农家菜 红米饭 南瓜汤 娱乐,396,392,257,82,42,11
34709,陇南,,92,0,0,0,0,0
24644,石象湖,,0,0,0,0,0,0
14696,宜春,,268,0,0,0,0,0
15510,沙湖,,133,0,0,0,0,0
15970,赵公山,,0,0,0,0,0,0
22762,鹰潭,,77,0,0,0,0,0
11611,罗布泊,,161,0,0,0,0,0
18965,大瓦山,,0,0,0,0,0,0
11303,萍乡,,156,0,0,0,0,0
15978,杜甫草堂,,83,0,0,0,0,0
63096,特克斯,,151,0,0,0,0,0
41448,吉安,,80,0,0,0,0,0
49862,乐山大佛,,0,0,0,0,0,0
10568,玛多,,83,0,0,0,0,0
15974,金沙遗址,,0,0,0,0,0,0
15273,龙虎山,,315,0,0,0,0,0
11692,塔克拉玛干沙漠,,120,0,0,0,0,0
19051,青羊宫,,0,0,0,0,0,0
41249,抚州,,138,0,0,0,0,0
14288,瓜州,,86,0,0,0,0,0
15972,宽窄巷子,,0,0,0,0,0,0
159537,篁岭村,,0,0,0,0,0,0
25941,药王谷,,0,0,0,0,0,0
12503,柴达木盆地,,161,0,0,0,0,0
18986,瑶里,,135,0,0,0,0,0
29690,二郎山,,0,0,0,0,0,0
16245,鄯善,,89,0,0,0,0,0
21286,毛儿盖,,0,0,0,0,0,0
34173,新余,,32,0,0,0,0,0
12893,定西,,38,0,0,0,0,0
10135,雪宝顶,,0,0,0,0,0,0
19009,石城,,0,0,0,0,0,0
62841,迭部,,40,0,0,0,0,0
37717,牟尼沟,,0,0,0,0,0,0
13915,鄱阳湖,,0,0,0,0,0,0
14925,七藏沟,,0,0,0,0,0,0
10602,同仁,,69,0,0,0,0,0
29348,瑞金,,78,0,0,0,0,0
46803,九峰山,,0,0,0,0,0,0
63526,久治,,31,0,0,0,0,0
19689,贵溪,,0,0,0,0,0,0
21252,凉台沟,,0,0,0,0,0,0
64136,可可托海,,98,0,0,0,0,0
140678,玉山县,,0,0,0,0,0,0
20627,卡龙沟,,0,0,0,0,0,0
66306,新建,,0,0,0,0,0,0
63092,昭苏,,103,0,0,0,0,0
18614,达古冰川,,0,0,0,0,0,0
11335,樟树,,0,0,0,0,0,0
10647,孟屯河谷,,0,0,0,0,0,0
13897,互助,,56,0,0,0,0,0
31238,老君沟,,0,0,0,0,0,0
16983,庆源,,44,0,0,0,0,0
63512,乌兰,,67,0,0,0,0,0
13533,三星堆,,0,0,0,0,0,0
66307,弋阳,,33,0,0,0,0,0
144275,甘泉县,,314,0,0,0,0,0
35962,萝卜寨,,0,0,0,0,0,0
19652,安义古村,,0,0,0,0,0,0
21297,乌尔禾,,84,0,0,0,0,0
20679,窦山,,0,0,0,0,0,0
140588,宁都,,0,0,0,0,0,0
20455,观雾山,,0,0,0,0,0,0
20770,周至,,84,0,0,0,0,0
66304,龙南,,0,0,0,0,0,0
25925,格萨拉,,0,0,0,0,0,0
64037,蓝田,,0,0,0,0,0,0
19038,于都,,0,0,0,0,0,0
16784,虎牙大峡谷,,0,0,0,0,0,0
140680,铜鼓,,0,0,0,0,0,0
62076,海南藏族自治州,,0,0,0,0,0,0
18744,吴家后山,,0,0,0,0,0,0
144112,信丰,,0,0,0,0,0,0
62062,临夏,,54,0,0,0,0,0
18170,双桥沟,,39,0,0,0,0,0
140738,靖安,,0,0,0,0,0,0
15642,庆阳,,45,0,0,0,0,0
10630,九鼎山,,0,0,0,0,0,0
140591,铅山县,,26,0,0,0,0,0
63524,玉门,,53,0,0,0,0,0
24847,蓥华山,,0,0,0,0,0,0
64472,武宁,,0,0,0,0,0,0
62824,碌曲,,20,0,0,0,0,0
21368,松坪沟,,190,0,0,0,0,0
66308,浮梁,,0,0,0,0,0,0
17361,柞水,,0,0,0,0,0,0
10730,卧龙,,0,0,0,0,0,0
64471,永修,,0,0,0,0,0,0
18447,花湖,,83,0,0,0,0,0
62796,塔什库尔干塔吉克自治县,,75,0,0,0,0,0
64157,莲花县,,0,0,0,0,0,0
144130,修水,,0,0,0,0,0,0
16193,北屯,,0,0,0,0,0,0
10156,杭州,西湖必去 平民餐厅 历史游 小吃 野趣西湖 龙井茶 夜杭州 西湖醋鱼 亲子,16384,17444,8333,5198,1674,2239
140741,星子县,,0,0,0,0,0,0
63100,奎屯,,38,0,0,0,0,0
10434,乌镇,小资 纪念馆 水乡菜 小吃 老作坊 传统表演 蓝印花布 三白酒 定胜糕,6320,4174,1071,1263,566,1274
144123,瑞昌,,17,0,0,0,0,0
20772,哈巴河,,20,0,0,0,0,0
10010,西塘,桥 西塘休闲 小吃 臭豆腐 馄饨 游船 古宅 展览 粽子,5720,7949,2815,2423,211,2500
140596,泰和,,0,0,0,0,0,0
63090,博乐,,46,0,0,0,0,0
10155,绍兴,山水 故居 乌篷船 油炸臭豆腐 绍兴黄酒 茴香豆 小吃 文艺控 沈园之夜,3168,3518,1801,465,530,722
140679,大余,,21,0,0,0,0,0
152043,河西走廊,,0,0,0,0,0,0
185213,梅岭,,0,0,0,0,0,0
10129,宁波,人文 自然游 海鲜 人气商场 美食街 夜生活 必吃 垂钓 奉化三宝,2576,1326,660,346,169,151
10772,青铜峡,,31,0,0,0,0,0
66303,丰城,,0,0,0,0,0,0
11505,舟山,离岛 海滩 商场 饭馆 海鲜排挡 梭子蟹 本岛风景 特色街 海产品,1392,1556,682,353,215,306
156544,袁家村,,0,0,0,0,0,0
39806,永新,,0,0,0,0,0,0
64053,宜川,,0,0,0,0,0,0
11534,普陀山,洞石景观 禅院 祈福求子 素斋 普陀观音饼 咸菜大汤黄鱼 海带 佛茶,1773,793,644,149,0,0
140590,鄱阳,,0,0,0,0,0,0
62060,白银,,27,0,0,0,0,0
143934,金溪,,0,0,0,0,0,0
10445,千岛湖,千岛湖鱼头 周边 精华线 休闲游 鱼馆 农家菜 漂流 夜生活 唐村无核柿,2032,821,385,336,0,100
144134,德兴,,0,0,0,0,0,0
18014,若羌,,24,0,0,0,0,0
11681,嘉兴,,570,0,0,0,0,0
18029,巴里坤,,0,0,0,0,0,0
66302,崇义,,16,0,0,0,0,0
10439,东极岛,东极之东 庙子湖景点 日出日落 海钓 海鲜面 原始青浜 玩海 淡菜,2151,1081,550,137,0,394
144116,遂川,,0,0,0,0,0,0
22612,山丹,,75,0,0,0,0,0
140677,安远,,0,0,0,0,0,0
10608,横店,特效演出 冷门景点 真人秀 撞星餐厅 南马肉饼 按摩 东阳土鸡煲,1157,323,82,27,0,214
61977,塔城,,32,0,0,0,0,0
144113,兴国,,0,0,0,0,0,0
11688,温州,,1029,0,0,0,0,0
24090,杏花沟,城市攻略>,50,0,0,0,0,0
23903,宜黄,,0,0,0,0,0,0
64036,户县,,60,0,0,0,0,0
143938,资溪,,0,0,0,0,0,0
10089,南浔,寻常人家 豪宅故居 文艺小店 双浇面 老面馆 辑里湖丝 水乡餐厅 茶楼品茶 买特产,1346,880,440,197,106,137
143937,南丰,,0,0,0,0,0,0
64031,神木,,43,0,0,0,0,0
11469,嵊泗,玩海 渔家海鲜 离岛 泗礁本岛 渔家乐 海鲜烧烤 海鲜面 海珍干货 海产工艺品,1269,1219,395,414,16,394
66305,安义,,0,0,0,0,0,0
16920,乌孙古道,,0,0,0,0,0,0
10124,丽水,摄影 餐馆 古民居 廊桥 龙泉青瓷 龙泉宝剑 漂流 逛街 红烧溪鱼,953,613,397,131,61,24
140592,进贤,,0,0,0,0,0,0
62070,固原,,41,0,0,0,0,0
140594,乐平,,0,0,0,0,0,0
11912,湖州,,468,0,0,0,0,0
26506,石泉,,58,0,0,0,0,0
143936,黎川,,0,0,0,0,0,0
30801,枸杞岛,玩海 必游 吃海鲜 邻岛探险 贻贝 海鲜面 海鲜市场,1110,703,224,277,55,147
64045,泾阳,,0,0,0,0,0,0
140676,安福,,0,0,0,0,0,0
144114,寻乌,,0,0,0,0,0,0
62815,玛曲,,28,0,0,0,0,0
11746,雁荡山,山峰 瀑布 景区大全 灵峰夜景 餐饮 灵岩飞渡 山货 香鱼 雁茗,819,765,580,69,0,116
144119,新干,,0,0,0,0,0,0
62079,博尔塔拉,,18,0,0,0,0,0
13298,台州,,597,0,0,0,0,0
144126,上高,,0,0,0,0,0,0
63605,轮台,,28,0,0,0,0,0
10247,安吉,,964,0,0,0,0,0
144131,芦溪,,0,0,0,0,0,0
17989,巩乃斯,,37,0,0,0,0,0
140662,高安,,0,0,0,0,0,0
11252,金华,,320,0,0,0,0,0
144137,余干,,0,0,0,0,0,0
63549,湟中,,35,0,0,0,0,0
15076,临安,,478,0,0,0,0,0
144115,吉水,,0,0,0,0,0,0
63527,刚察,,28,0,0,0,0,0
15348,桐庐,,635,0,0,0,0,0
143935,乐安,,0,0,0,0,0,0
63523,金塔,,47,0,0,0,0,0
143931,崇仁,,0,0,0,0,0,0
10090,楠溪江,古村 洞岩奇景 山水 漂流 烤全羊 楠溪麦饼 岩头西瓜 金粉饺 碧莲早香柚,592,638,488,55,11,84
144117,万安,,0,0,0,0,0,0
63824,永宁,,71,0,0,0,0,0
12651,衢州,,388,0,0,0,0,0
176003,共青城市,,0,0,0,0,0,0
62072,石嘴山,,22,0,0,0,0,0
14125,莫干山,,1124,0,0,0,0,0
144129,宜丰,,0,0,0,0,0,0
63104,沙湾,,0,0,0,0,0,0
144133,广丰,,0,0,0,0,0,0
16925,仙居,必游 山水游 杨梅 漂流 深度游 仙居八大碗 笋干 浇头面 烧饼,534,304,267,0,20,17
63034,洋县,,0,0,0,0,0,0
144111,全南,,0,0,0,0,0,0
64696,桐乡,,30,0,0,0,0,0
63099,新源,,35,0,0,0,0,0
140593,上犹,,0,0,0,0,0,0
18010,叶城,,0,0,0,0,0,0
144110,会昌,,0,0,0,0,0,0
23697,海宁,,196,0,0,0,0,0
144125,奉新,,0,0,0,0,0,0
62075,海东,,20,0,0,0,0,0
16000,象山,,440,0,0,0,0,0
143933,广昌,,0,0,0,0,0,0
17993,唐布拉草原,,36,0,0,0,0,0
15994,朱家尖,,446,0,0,0,0,0
144109,赣县,,0,0,0,0,0,0
62073,吴忠,,24,0,0,0,0,0
140598,万载,,0,0,0,0,0,0
16335,奉化,,189,0,0,0,0,0
62077,黄南,,19,0,0,0,0,0
159530,清华镇,,0,0,0,0,0,0
64697,嘉善,,90,0,0,0,0,0
140749,富平,,37,0,0,0,0,0
144136,万年县,,0,0,0,0,0,0
144121,德安,,0,0,0,0,0,0
12957,诸暨,,229,0,0,0,0,0
64049,黄陵,,42,0,0,0,0,0
144122,都昌,,0,0,0,0,0,0
19784,岐山,,0,0,0,0,0,0
64478,义乌,,117,0,0,0,0,0
144108,定南,,0,0,0,0,0,0
63875,太白县,,0,0,0,0,0,0
10117,南麂岛,海鲜排挡 沙蛤 海鲜干货 海产工艺品 淡菜 清幽之选 海货,328,85,0,74,11,0
19210,钓源古村,,0,0,0,0,0,0
15925,西吉,,0,0,0,0,0,0
140589,彭泽,,0,0,0,0,0,0
11626,临海,,305,0,0,0,0,0
63037,佛坪,,29,0,0,0,0,0
144132,上栗,,0,0,0,0,0,0
16168,宁海,,240,0,0,0,0,0
63877,扶风,,31,0,0,0,0,0
144138,分宜,,0,0,0,0,0,0
62051,德清,,282,0,0,0,0,0
143932,东乡,,0,0,0,0,0,0
62828,卓尼,,25,0,0,0,0,0
144120,永丰,,0,0,0,0,0,0
10555,遂昌,,377,0,0,0,0,0
11343,玉珠峰,,0,0,0,0,0,0
176030,南城县,,0,0,0,0,0,0
32748,五家渠,,0,0,0,0,0,0
10798,新昌,,203,0,0,0,0,0
175994,石城县,,0,0,0,0,0,0
63093,霍城,,30,0,0,0,0,0
84552,萧山,,79,0,0,0,0,0
144139,余江,,0,0,0,0,0,0
49974,克孜勒苏柯尔克孜自治州,,0,0,0,0,0,0
15995,大明山,,248,0,0,0,0,0
144118,峡江,,0,0,0,0,0,0
174179,霍尔果斯市,,0,0,0,0,0,0
140801,湖口县,,0,0,0,0,0,0
27329,余姚,,248,0,0,0,0,0
62061,金昌,,20,0,0,0,0,0
144135,横峰,,0,0,0,0,0,0
45833,渔山岛,,0,0,0,0,0,0
20762,孽龙洞,,0,0,0,0,0,0
64039,乾县,,32,0,0,0,0,0
10582,天目山,,276,0,0,0,0,0
18338,郭坑口,,0,0,0,0,0,0
64044,兴平,,35,0,0,0,0,0
16001,溪口,,291,0,0,0,0,0
24411,陂,,0,0,0,0,0,0
141561,乌苏,,0,0,0,0,0,0
18424,武陵岩,,0,0,0,0,0,0
16002,长兴,,218,0,0,0,0,0
63603,和静,,33,0,0,0,0,0
25159,柘林湖,,0,0,0,0,0,0
64682,淳安,,40,0,0,0,0,0
64213,三原,,0,0,0,0,0,0
24582,南矶山,,0,0,0,0,0,0
64694,天台,,271,0,0,0,0,0
18176,蒲城,,30,0,0,0,0,0
21752,龟峰,,35,0,0,0,0,0
10139,武义,,191,0,0,0,0,0
62795,里仁镇,,0,0,0,0,0,0
64139,奇台,,35,0,0,0,0,0
24180,余杭,,0,0,0,0,0,0
18249,江西齐云山,,0,0,0,0,0,0
144268,潼关,,0,0,0,0,0,0
28063,上堡梯田,,0,0,0,0,0,0
17385,东阳,,96,0,0,0,0,0
62855,永靖,,35,0,0,0,0,0
10210,泰顺,,187,0,0,0,0,0
10209,北戴河,海鲜 海水浴场 螃蟹 皮皮虾 滑沙 骑行北戴河 扇贝 海参,2518,1015,0,603,32,380
63531,阿克塞,,32,0,0,0,0,0
15997,安昌,,249,0,0,0,0,0
63608,独山子,,32,0,0,0,0,0
11499,秦皇岛,,1489,0,0,0,0,0
198518,花鸟岛,,0,0,0,0,0,0
63032,留坝,,0,0,0,0,0,0
10432,承德,避暑山庄 自然风光 宗教庙宇 骑马 承德木雕 射箭 漂流 碗坨 荞面,1344,1191,948,0,51,192
33285,米脂,,27,0,0,0,0,0
10154,开化,,238,0,0,0,0,0
11830,石家庄,,938,0,0,0,0,0
18011,库尔德宁,,0,0,0,0,0,0
64686,青田,,184,0,0,0,0,0
62854,榆中,,0,0,0,0,0,0
17920,乌兰布统,草原风光 摄影天堂 古战场 骑马 草原越野车 烤全羊 烤羊腿 射箭,2101,1371,948,85,0,338
12393,江山,,193,0,0,0,0,0
62859,景泰,,35,0,0,0,0,0
11735,张家口,,638,0,0,0,0,0
14176,富阳,,188,0,0,0,0,0
25071,汉阴,,30,0,0,0,0,0
10219,塞罕坝,塞罕坝国家森林公园 摄影 骑马 草原越野车 烤羊腿 蘑菇 射箭 手把羊肉 北山大扁杏,1219,840,591,50,30,169
22510,慈溪,,164,0,0,0,0,0
19868,冶力关,,0,0,0,0,0,0
17322,苍南,,179,0,0,0,0,0
11796,保定,,643,0,0,0,0,0
64059,镇安,,0,0,0,0,0,0
16682,上虞,,88,0,0,0,0,0
64066,白水,,0,0,0,0,0,0
142763,草原天路,塞北梯田 中国“66”号公路，绝美草原天路 摄影 关外第一泉――赤城温泉 露营,1158,0,0,0,0,0
10147,浙西大峡谷,,183,0,0,0,0,0
62847,天祝,,30,0,0,0,0,0
11781,唐山,,581,0,0,0,0,0
18027,额尔齐斯河,,32,0,0,0,0,0
18161,云和梯田,,179,0,0,0,0,0
11386,张北,,732,0,0,0,0,0
16801,夏特古道,,0,0,0,0,0,0
64695,温岭,,163,0,0,0,0,0
10034,木兰围场,森林草原 塞罕坝 行摄天堂 骑马 草原越野车 蘑菇 烤羊腿 烤全羊 草地摩托,699,841,545,59,31,206
64043,礼泉,,20,0,0,0,0,0
17321,洞头,,173,0,0,0,0,0
10695,丰宁坝上,,1034,0,0,0,0,0
63874,陇县,,0,0,0,0,0,0
15334,建德,,189,0,0,0,0,0
16013,南戴河,碧海蓝天 金天马酒 海鲜美食 观海上日出 海上游乐场 螃蟹 皮皮虾 蹦极 白腐乳,309,284,95,76,39,74
63534,尖扎,,0,0,0,0,0,0
64692,乐清,,65,0,0,0,0,0
64051,延川,,0,0,0,0,0,0
16575,崇礼,,574,0,0,0,0,0
64691,永嘉,,131,0,0,0,0,0
63029,宁强,,18,0,0,0,0,0
11262,野三坡,纯净自然风光 漂流 野三坡美酒 印象野三坡 野三坡野菜 野三坡柴鸡蛋 伏花椒 野三坡烤全羊 卡丁车,537,324,162,28,58,76
64068,大荔,,0,0,0,0,0,0
16490,兰溪,,75,0,0,0,0,0
11732,邯郸,,489,0,0,0,0,0
20650,杭州宋城旅游区,,0,0,0,0,0,0
63525,共和,,0,0,0,0,0,0
11808,蔚县,自然风光 蔚县小吃 千年古堡 社火 剪纸 打树花  粉坨 桃花小米,589,954,383,277,105,189
10834,龙泉,,158,0,0,0,0,0
64032,佳县,,22,0,0,0,0,0
14548,廊坊,,99,0,0,0,0,0
11255,瑞安,,116,0,0,0,0,0
141551,木垒,,21,0,0,0,0,0
22790,石浦,,130,0,0,0,0,0
10326,翡翠岛,,386,0,0,0,0,0
63535,湟源,,0,0,0,0,0,0
64687,缙云,,130,0,0,0,0,0
11567,沽源,,421,0,0,0,0,0
63516,肃南,,17,0,0,0,0,0
63030,勉县,,0,0,0,0,0,0
18088,景宁,,159,0,0,0,0,0
20079,昌黎,,286,0,0,0,0,0
63031,南郑,,0,0,0,0,0,0
11824,诸葛八卦村,,0,0,0,0,0,0
17860,丰宁,坝上草原 骑马 草原摩托 烤全羊 观日落 坝上白蘑 金莲花 莜面 手把肉,245,490,192,62,24,212
12546,达坂城,,17,0,0,0,0,0
64685,云和,,65,0,0,0,0,0
64063,商南,,0,0,0,0,0,0
10480,山海关,,431,0,0,0,0,0
141066,嵊山,,121,0,0,0,0,0
62814,民乐,,18,0,0,0,0,0
10309,白洋淀,,552,0,0,0,0,0
20996,嵊州,,67,0,0,0,0,0
23819,阿拉尔,,0,0,0,0,0,0
12057,邢台,,243,0,0,0,0,0
16498,龙门古镇,,105,0,0,0,0,0
50808,绥德,,20,0,0,0,0,0
14894,沧州,,118,0,0,0,0,0
11251,三门,,80,0,0,0,0,0
11518,灵武,,18,0,0,0,0,0
10785,乐亭,距离京城最近的海岛 海鲜 游泳 出海垂钓 乐亭大桃 刘美烧鸡 苇编柳编 罗锅香油 乐亭虾油,218,138,73,53,0,12
45987,磐安,,119,0,0,0,0,0
63876,眉县,,0,0,0,0,0,0
17320,前童,,0,0,0,0,0,0
18746,涞源,,340,0,0,0,0,0
64038,彬县,,16,0,0,0,0,0
16334,永康,,0,0,0,0,0,0
23029,正定,,311,0,0,0,0,0
63038,凤县,,23,0,0,0,0,0
84681,柯桥,,0,0,0,0,0,0
12053,涿州,,47,0,0,0,0,0
64055,紫阳,,0,0,0,0,0,0
64752,浦江,,0,0,0,0,0,0
10230,小五台,,0,0,0,0,0,0
64025,凤翔,,0,0,0,0,0,0
36563,塘栖,,115,0,0,0,0,0
13034,衡水,,76,0,0,0,0,0
63515,临泽,,0,0,0,0,0,0
64689,文成,,64,0,0,0,0,0
64058,平利,,0,0,0,0,0,0
34594,兴隆,,225,0,0,0,0,0
17560,浙南,,0,0,0,0,0,0
64061,山阳,,22,0,0,0,0,0
11265,易县,,239,0,0,0,0,0
10797,廿八都古镇,,60,0,0,0,0,0
66257,平罗,,0,0,0,0,0,0
19205,怀来,,158,0,0,0,0,0
66313,海盐,,84,0,0,0,0,0
64137,阜康,,22,0,0,0,0,0
11266,清东陵,,155,0,0,0,0,0
64690,平阳,,43,0,0,0,0,0
152743,杨陵,,0,0,0,0,0,0
17730,平山,,0,0,0,0,0,0
64699,岱山,,123,0,0,0,0,0
144756,冷湖,,0,0,0,0,0,0
64145,围场县,,27,0,0,0,0,0
64062,丹凤,,0,0,0,0,0,0
64684,松阳,,78,0,0,0,0,0
26831,定州,,55,0,0,0,0,0
62850,永登,,0,0,0,0,0,0
42877,龙游,,53,0,0,0,0,0
10270,鸡鸣驿古城,,127,0,0,0,0,0
17016,三尖,,0,0,0,0,0,0
19148,玛纳斯,,0,0,0,0,0,0
11429,西柏坡,,0,0,0,0,0,0
63180,平湖,,0,0,0,0,0,0
63878,子洲,,0,0,0,0,0,0
52710,赤城,,112,0,0,0,0,0
144279,吴堡,,0,0,0,0,0,0
15998,林坑,,70,0,0,0,0,0
17408,井陉,,107,0,0,0,0,0
63514,玛沁,,0,0,0,0,0,0
43347,新市古镇,,48,0,0,0,0,0
63033,城固,,0,0,0,0,0,0
17319,慈城,,0,0,0,0,0,0
16016,赵县,,112,0,0,0,0,0
22141,南黄古道,,43,0,0,0,0,0
63606,尉犁,,16,0,0,0,0,0
11269,霸州,,53,0,0,0,0,0
34881,高台,,0,0,0,0,0,0
84700,玉环,,25,0,0,0,0,0
64150,滦县,,102,0,0,0,0,0
144276,定边,,0,0,0,0,0,0
64683,庆元,,0,0,0,0,0,0
21463,遵化,,45,0,0,0,0,0
63532,乐都,,0,0,0,0,0,0
18936,檀头山,,27,0,0,0,0,0
16015,石头村,,0,0,0,0,0,0
66298,涞水,,0,0,0,0,0,0
141562,托克逊,,0,0,0,0,0,0
15999,芙蓉村,,0,0,0,0,0,0
16971,黄骅,,0,0,0,0,0,0
141547,福海,,0,0,0,0,0,0
141386,新叶古镇,,0,0,0,0,0,0
64144,滦平,,51,0,0,0,0,0
64138,吉木萨尔,,0,0,0,0,0,0
146576,大慈岩,,0,0,0,0,0,0
64151,迁安,,0,0,0,0,0,0
16504,俞源,,0,0,0,0,0,0
63511,都兰,,0,0,0,0,0,0
64195,鹿泉,,0,0,0,0,0,0
24159,腾蛟,,0,0,0,0,0,0
62860,文县,,0,0,0,0,0,0
19253,大盘山,,0,0,0,0,0,0
64172,宣化,,42,0,0,0,0,0
66229,宕昌,,18,0,0,0,0,0
176465,常山县,,0,0,0,0,0,0
64149,迁西,,0,0,0,0,0,0
17331,阿尔金,,0,0,0,0,0,0
147131,外婆坑,,0,0,0,0,0,0
64184,武安,,0,0,0,0,0,0
143370,岷县,,0,0,0,0,0,0
26758,窈口,,0,0,0,0,0,0
64182,安新,,0,0,0,0,0,0
19255,西径山,,0,0,0,0,0,0
144262,白河县,,0,0,0,0,0,0
66301,抚宁,,33,0,0,0,0,0
18257,大奇山,,0,0,0,0,0,0
62858,陇西,,0,0,0,0,0,0
18964,抱犊寨,,0,0,0,0,0,0
11345,乌溪江,,0,0,0,0,0,0
62845,民勤,,0,0,0,0,0,0
140608,固安,,0,0,0,0,0,0
34422,江心屿,,0,0,0,0,0,0
63035,西乡,,0,0,0,0,0,0
63309,涿鹿,,0,0,0,0,0,0
30458,四明山,,0,0,0,0,0,0
64183,涉县,,0,0,0,0,0,0
64056,岚皋,,18,0,0,0,0,0
12431,钱塘江,,0,0,0,0,0,0
58257,合阳,,0,0,0,0,0,0
140694,三河,,0,0,0,0,0,0
18910,黄檀洞,,0,0,0,0,0,0
64054,宁陕,,0,0,0,0,0,0
143461,阜平,,35,0,0,0,0,0
18753,桃花岛,,66,0,0,0,0,0
64147,香河,,0,0,0,0,0,0
18015,莎车,,0,0,0,0,0,0
33423,六春湖,,0,0,0,0,0,0
143480,吴桥,,0,0,0,0,0,0
63537,循化,,0,0,0,0,0,0
34429,江郎山,,0,0,0,0,0,0
143464,满城,,0,0,0,0,0,0
62856,渭源,,0,0,0,0,0,0
28018,茗岙,,0,0,0,0,0,0
143462,高碑店,,0,0,0,0,0,0
63823,盐池,,0,0,0,0,0,0
18944,浙东大峡谷,,35,0,0,0,0,0
64188,大名,,0,0,0,0,0,0
63097,巩留,,0,0,0,0,0,0
64152,青龙县,,0,0,0,0,0,0
18188,括苍山,,79,0,0,0,0,0
144269,高陵,,0,0,0,0,0,0
11267,清苑,,0,0,0,0,0,0
17571,梅源梯田,,0,0,0,0,0,0
64057,旬阳,,0,0,0,0,0,0
17161,天台苍山,,0,0,0,0,0,0
64171,阳原,,0,0,0,0,0,0
20613,须弥山,,0,0,0,0,0,0
18217,南北湖,,0,0,0,0,0,0
140555,任丘,,0,0,0,0,0,0
63036,镇巴,,0,0,0,0,0,0
10084,猕猴峡,,0,0,0,0,0,0
30428,唐海,,0,0,0,0,0,0
64050,洛川,,0,0,0,0,0,0
17923,方岩,,0,0,0,0,0,0
64146,平泉,,0,0,0,0,0,0
63086,温宿,,0,0,0,0,0,0
34419,仙华山,,0,0,0,0,0,0
140603,河间,,0,0,0,0,0,0
63098,尼勒克,,0,0,0,0,0,0
16499,郭洞,,0,0,0,0,0,0
64170,唐县,,0,0,0,0,0,0
63087,阿克苏市,,0,0,0,0,0,0
10450,浙江天台山,,0,0,0,0,0,0
143467,雄县,,0,0,0,0,0,0
36233,阿拉山口,,0,0,0,0,0,0
17917,五泄,,0,0,0,0,0,0
143468,徐水,,0,0,0,0,0,0
144272,安塞,,0,0,0,0,0,0
64192,晋州,,0,0,0,0,0,0
10341,西湖,,1396,0,0,0,0,0
63604,且末,,0,0,0,0,0,0
17272,南宫,,0,0,0,0,0,0
14906,西溪,,264,0,0,0,0,0
174206,米东区,,0,0,0,0,0,0
64193,灵寿,,0,0,0,0,0,0
20045,东白山,,0,0,0,0,0,0
64194,赞皇,,0,0,0,0,0,0
144170,中宁,,0,0,0,0,0,0
33628,太子湾,,0,0,0,0,0,0
64186,永年,,0,0,0,0,0,0
144267,宜君,,0,0,0,0,0,0
22388,九溪,,77,0,0,0,0,0
174200,乌鲁木齐县,,0,0,0,0,0,0
134713,沙河,,0,0,0,0,0,0
22811,河姆渡,,0,0,0,0,0,0
62803,阿克陶,,0,0,0,0,0,0
64185,磁县,,0,0,0,0,0,0
19791,丹山赤水,,0,0,0,0,0,0
143465,曲阳,,0,0,0,0,0,0
64040,武功县,,0,0,0,0,0,0
15996,南尖岩,,65,0,0,0,0,0
16742,独石口镇,,0,0,0,0,0,0
144757,茫崖,,0,0,0,0,0,0
19079,河坊街,,0,0,0,0,0,0
84742,丰润,,0,0,0,0,0,0
63091,精河,,0,0,0,0,0,0
32557,丰南,,0,0,0,0,0,0
10030,三亚,海鲜 热带水果 第一市场 拍照 潜水 三亚免税店 温泉SPA 情侣度假 抱罗粉,26558,13305,2521,3537,4777,2470
143399,清水县,,0,0,0,0,0,0
64189,新乐,,0,0,0,0,0,0
64033,府谷,,0,0,0,0,0,0
10513,海口,自然风光 人文历史 骑楼小吃 清补凉 海南粉 水上活动 海南咖啡 印象・海南岛 酒吧咖啡馆,1370,448,292,141,0,15
175964,古冶,,0,0,0,0,0,0
143541,冀州,,0,0,0,0,0,0
143368,临洮,,0,0,0,0,0,0
16020,亚龙湾,,540,0,0,0,0,0
143466,顺平,,0,0,0,0,0,0
63607,博湖,,0,0,0,0,0,0
14786,蜈支洲岛,,366,0,0,0,0,0
143478,青县,,0,0,0,0,0,0
29901,囊谦,,0,0,0,0,0,0
196292,海棠湾,,0,0,0,0,0,0
66299,隆化,,0,0,0,0,0,0
62865,武山,,0,0,0,0,0,0
11701,文昌,,374,0,0,0,0,0
143471,泊头,,0,0,0,0,0,0
64212,淳化,,0,0,0,0,0,0
143705,清河,,0,0,0,0,0,0
11616,万宁,,262,0,0,0,0,0
143379,康县,,0,0,0,0,0,0
17301,广府镇,,0,0,0,0,0,0
62861,礼县,,0,0,0,0,0,0
10194,西沙群岛,,305,0,0,0,0,0
143552,玉田,,0,0,0,0,0,0
140753,会宁,,0,0,0,0,0,0
41342,琼海,,113,0,0,0,0,0
175952,大厂县,,0,0,0,0,0,0
63550,海晏,,0,0,0,0,0,0
66297,临漳,,0,0,0,0,0,0
62982,陵水,,140,0,0,0,0,0
144168,贺兰县,,0,0,0,0,0,0
175838,峰峰矿区,,0,0,0,0,0,0
43377,三沙市,,42,0,0,0,0,0
62835,合作县,,0,0,0,0,0,0
64187,魏县,,0,0,0,0,0,0
143698,藁城,,0,0,0,0,0,0
17294,五指山市,,119,0,0,0,0,0
63528,班玛,,0,0,0,0,0,0
140605,容城,,0,0,0,0,0,0
196328,三亚湾,,0,0,0,0,0,0
64052,黄龙县,,0,0,0,0,0,0
143697,卢龙,,0,0,0,0,0,0
63513,达日,,0,0,0,0,0,0
21804,博鳌,,129,0,0,0,0,0
143458,安国,,0,0,0,0,0,0
196343,大东海,,0,0,0,0,0,0
62863,成县,,20,0,0,0,0,0
143539,安平,,0,0,0,0,0,0
62807,阿图什,,0,0,0,0,0,0
25419,保亭,,78,0,0,0,0,0
143460,定兴,,0,0,0,0,0,0
62923,民丰,,0,0,0,0,0,0
10781,儋州,,71,0,0,0,0,0
66300,宽城县,,0,0,0,0,0,0
62911,巴楚,,0,0,0,0,0,0
143548,辛集,,0,0,0,0,0,0
143372,永昌,,0,0,0,0,0,0
140606,元氏,,0,0,0,0,0,0
62987,东方市,,38,0,0,0,0,0
143386,泾川,,0,0,0,0,0,0
64148,滦南,,0,0,0,0,0,0
62984,乐东,,35,0,0,0,0,0
28929,乔戈里峰,,0,0,0,0,0,0
143474,东光,,0,0,0,0,0,0
64084,南沙群岛,,0,0,0,0,0,0
143473,沧县,,0,0,0,0,0,0
63088,拜城,,0,0,0,0,0,0
11648,琼中,,25,0,0,0,0,0
143481,献县,,0,0,0,0,0,0
143371,舟曲,,0,0,0,0,0,0
62985,澄迈,,35,0,0,0,0,0
143542,景县,,0,0,0,0,0,0
62804,乌恰,,0,0,0,0,0,0
143538,故城,,0,0,0,0,0,0
11253,昌江,,59,0,0,0,0,0
144266,洛南,,0,0,0,0,0,0
143469,蠡县,,0,0,0,0,0,0
17995,定安,,0,0,0,0,0,0
143380,两当,,0,0,0,0,0,0
143556,临城,,0,0,0,0,0,0
203729,大小洞天,,0,0,0,0,0,0
144278,清涧,,0,0,0,0,0,0
143701,内丘,,0,0,0,0,0,0
62986,白沙,,62,0,0,0,0,0
62866,甘谷,,0,0,0,0,0,0
143696,永清,,0,0,0,0,0,0
62983,临高,,17,0,0,0,0,0
63103,额敏,,0,0,0,0,0,0
143702,宁晋,,0,0,0,0,0,0
62981,屯昌,,0,0,0,0,0,0
143394,秦安,,0,0,0,0,0,0
143555,巨鹿,,0,0,0,0,0,0
64140,伊吾,,0,0,0,0,0,0
143554,广宗,,0,0,0,0,0,0
17906,铺前镇,,0,0,0,0,0,0
144264,略阳,,0,0,0,0,0,0
16743,云州,,0,0,0,0,0,0
143451,中沙群岛,,0,0,0,0,0,0
30757,澄城,,0,0,0,0,0,0
143551,栾城,,0,0,0,0,0,0
24278,石梅湾,,0,0,0,0,0,0
17992,英吉沙,,0,0,0,0,0,0
143463,高阳,,0,0,0,0,0,0
18800,南渡江,,0,0,0,0,0,0
174302,大通回族土族自治县,,0,0,0,0,0,0
175916,下花园,,0,0,0,0,0,0
19082,南湾猴岛,,0,0,0,0,0,0
20738,藤龙山,,0,0,0,0,0,0
25415,锦母角,,0,0,0,0,0,0
141550,呼图壁,,0,0,0,0,0,0
143695,文安,,0,0,0,0,0,0
10780,洋浦半岛,,0,0,0,0,0,0
63094,察布查尔,,0,0,0,0,0,0
175943,大城（河北）,,0,0,0,0,0,0
23127,清水湾,,0,0,0,0,0,0
174893,富县,,0,0,0,0,0,0
143529,盐山,,0,0,0,0,0,0
19084,尖峰岭,,0,0,0,0,0,0
18028,神钟山,,0,0,0,0,0,0
140604,成安,,0,0,0,0,0,0
66228,临潭,,0,0,0,0,0,0
10132,厦门,鼓浪屿 校园 历史 中山路 小吃 海鲜 厦门馅饼 酒吧 咖啡厅,28052,38126,20322,13366,1569,2869
143534,邱县,,0,0,0,0,0,0
18004,达里雅布依,,0,0,0,0,0,0
143477,南皮,,0,0,0,0,0,0
63102,托里,,0,0,0,0,0,0
12522,鼓浪屿,海鲜 沙茶面 鱼丸 钢琴 海水浴场 小清新 万国建筑 厦门馅饼 咖啡厅,4884,8358,1441,4308,1252,1357
143530,馆陶,,0,0,0,0,0,0
143393,正宁,,0,0,0,0,0,0
11498,福州,自然风光 人文古迹 福州菜 七星鱼丸 温泉 荔枝肉 橄榄 脱胎漆器 花茶,2389,1699,1181,368,62,88
143549,无极,,0,0,0,0,0,0
63807,和硕,,0,0,0,0,0,0
143546,高邑,,0,0,0,0,0,0
143397,古浪,,0,0,0,0,0,0
10039,武夷山,奇峰峻岭 武夷山漂流 碧水清潭 印象・大红袍 武夷岩茶 岚谷熏鹅 孝母饼 红菇 田螺,2301,1954,1159,57,125,613
143532,肥乡,,0,0,0,0,0,0
62864,徽县,,0,0,0,0,0,0
143476,孟村,,0,0,0,0,0,0
11246,泉州,,1747,0,0,0,0,0
143374,皋兰,,0,0,0,0,0,0
143479,肃宁,,0,0,0,0,0,0
12491,霞浦,行摄霞浦 滩涂 霞浦海带 霞浦紫菜 南线摄影 杨家溪漂流 东线摄影 剑蛏 苦螺,1227,620,221,0,158,241
64047,志丹,,0,0,0,0,0,0
175904,万全,,0,0,0,0,0,0
18532,克勒青河谷,,0,0,0,0,0,0
63222,望都,,0,0,0,0,0,0
10790,漳州,,773,0,0,0,0,0
143367,靖远,,0,0,0,0,0,0
143537,阜城,,0,0,0,0,0,0
10702,平潭,,932,0,0,0,0,0
141555,麦盖提,,0,0,0,0,0,0
175883,威县,,0,0,0,0,0,0
64042,旬邑,,0,0,0,0,0,0
14292,南靖,城市攻略>,745,0,0,0,0,0
143543,饶阳,,0,0,0,0,0,0
143694,枣强,,0,0,0,0,0,0
141554,皮山,,0,0,0,0,0,0
16009,东山岛,,775,0,0,0,0,0
175898,怀安,,0,0,0,0,0,0
62862,西和,,0,0,0,0,0,0
10494,永定,客家土楼 万应茶 永定烤烟 客家美食 清流笋干 温泉 永定牛肉丸 汀州河田鸡,448,408,244,0,164,0
143535,曲周,,0,0,0,0,0,0
18721,车师古道,,0,0,0,0,0,0
143533,广平,,0,0,0,0,0,0
144174,杂多,,0,0,0,0,0,0
11784,莆田,,412,0,0,0,0,0
175880,新河,,0,0,0,0,0,0
144263,麟游县,,0,0,0,0,0,0
12681,宁德,,231,0,0,0,0,0
175901,康保,,0,0,0,0,0,0
17881,巴尔鲁克山,,0,0,0,0,0,0
11624,龙岩,,248,0,0,0,0,0
175919,深州,,0,0,0,0,0,0
141549,焉耆,,0,0,0,0,0,0
143531,鸡泽,,0,0,0,0,0,0
19288,云水谣古镇,,336,0,0,0,0,0
18491,西白杨沟,,0,0,0,0,0,0
143475,海兴,,0,0,0,0,0,0
144167,同心县,,0,0,0,0,0,0
12013,南平,,62,0,0,0,0,0
143550,行唐,,0,0,0,0,0,0
141545,沙雅,,0,0,0,0,0,0
28210,福鼎,,241,0,0,0,0,0
143700,南和,,0,0,0,0,0,0
143385,庄浪,,0,0,0,0,0,0
14844,三明,,143,0,0,0,0,0
143553,柏乡,,0,0,0,0,0,0
62857,漳县,,0,0,0,0,0,0
175886,临西,,0,0,0,0,0,0
17407,泰宁,,276,0,0,0,0,0
15924,西海固,,0,0,0,0,0,0
143545,武邑,,0,0,0,0,0,0
28301,大嵛山岛,,310,0,0,0,0,0
144271,永寿,,0,0,0,0,0,0
143699,隆尧,,0,0,0,0,0,0
16011,湄洲岛,,0,0,0,0,0,0
144270,长武,,0,0,0,0,0,0
143547,深泽,,0,0,0,0,0,0
21365,永泰,,197,0,0,0,0,0
174203,头屯河区,,0,0,0,0,0,0
143703,平乡,,0,0,0,0,0,0
62920,于田,,0,0,0,0,0,0
17856,惠安,,124,0,0,0,0,0
143459,博野,,0,0,0,0,0,0
62979,图木舒克,,0,0,0,0,0,0
22838,连江,,0,0,0,0,0,0
11480,喜峰口,,0,0,0,0,0,0
141564,铁门关,,0,0,0,0,0,0
28027,漳浦,,94,0,0,0,0,0
18236,月坨岛,,41,0,0,0,0,0
144749,民和,,0,0,0,0,0,0
28055,六鳌,,159,0,0,0,0,0
32442,祖山,,0,0,0,0,0,0
141553,墨玉县,,0,0,0,0,0,0
10721,空中草原,,0,0,0,0,0,0
64561,晋江,,94,0,0,0,0,0
62906,泽普,,0,0,0,0,0,0
21440,长乐,,0,0,0,0,0,0
27655,白石山,,167,0,0,0,0,0
174857,千阳县,,0,0,0,0,0,0
175877,任县,,0,0,0,0,0,0
11555,崇武,,130,0,0,0,0,0
143375,东乡族自治县,,0,0,0,0,0,0
59266,赵州桥,,0,0,0,0,0,0
11369,福清,,0,0,0,0,0,0
144274,子长县,,0,0,0,0,0,0
11902,清西陵,,0,0,0,0,0,0
174317,肃北蒙古族自治县,,0,0,0,0,0,0
17421,尤溪,,131,0,0,0,0,0
16014,狼牙山,,0,0,0,0,0,0
141548,青河,,0,0,0,0,0,0
16593,永安,,123,0,0,0,0,0
175895,尚义,,0,0,0,0,0,0
64046,吴起县,,0,0,0,0,0,0
64541,长汀,,0,0,0,0,0,0
18373,冉庄,,0,0,0,0,0,0
174332,积石山保安族东乡族撒拉族自治县,,0,0,0,0,0,0
45268,沙县,,54,0,0,0,0,0
20552,伏羲台,,0,0,0,0,0,0
144748,化隆,,0,0,0,0,0,0
17802,梅林镇,,0,0,0,0,0,0
18375,荣国府,,0,0,0,0,0,0
63509,治多,,0,0,0,0,0,0
64550,连城,,0,0,0,0,0,0
21228,驼梁,,0,0,0,0,0,0
141607,天峻县,,0,0,0,0,0,0
84595,石狮,,125,0,0,0,0,0
23063,邺城,,0,0,0,0,0,0
63101,裕民,,0,0,0,0,0,0
143361,仓山,,0,0,0,0,0,0
25062,苍岩山,,0,0,0,0,0,0
63609,吉木乃,,0,0,0,0,0,0
175853,井陉矿区,,0,0,0,0,0,0
64559,德化,,72,0,0,0,0,0
174296,玉树市,,0,0,0,0,0,0
18226,隆兴寺,,0,0,0,0,0,0
17961,屏南,,0,0,0,0,0,0
18272,铁湖达坂,,0,0,0,0,0,0
28895,嶂石岩,,0,0,0,0,0,0
16700,闽侯,,0,0,0,0,0,0
143377,和政,,0,0,0,0,0,0
17977,开阳堡,,0,0,0,0,0,0
64563,仙游,,78,0,0,0,0,0
143378,康乐,,0,0,0,0,0,0
31630,玉皇阁,,0,0,0,0,0,0
16872,福安,,0,0,0,0,0,0
62905,岳普湖,,0,0,0,0,0,0
17304,茅荆坝,,0,0,0,0,0,0
64577,龙海,,0,0,0,0,0,0
143392,镇原,,0,0,0,0,0,0
10551,金山岭长城,,0,0,0,0,0,0
84763,同安,,0,0,0,0,0,0
143391,庆城,,0,0,0,0,0,0
10709,雾灵山,,0,0,0,0,0,0
18681,建宁,,62,0,0,0,0,0
144169,海原县,,0,0,0,0,0,0
11858,门门沟,,0,0,0,0,0,0
20263,古田,,0,0,0,0,0,0
63822,泾源,,0,0,0,0,0,0
33580,白草洼,,0,0,0,0,0,0
176255,海沧区,,0,0,0,0,0,0
143369,通渭,,0,0,0,0,0,0
175934,鹰手营子矿区,,0,0,0,0,0,0
10216,长汀古城,,0,0,0,0,0,0
143706,龙湾村,,0,0,0,0,0,0
26202,冰山梁,,0,0,0,0,0,0
64631,周宁,,0,0,0,0,0,0
143396,张家川,,0,0,0,0,0,0
18392,桦皮岭,,31,0,0,0,0,0
140743,长泰,,0,0,0,0,0,0
143383,静宁,,0,0,0,0,0,0
21774,西灵山,,0,0,0,0,0,0
64562,罗源,,39,0,0,0,0,0
17984,达瓦昆沙漠,,0,0,0,0,0,0
13706,老掌沟,,63,0,0,0,0,0
64558,安溪,,0,0,0,0,0,0
144261,镇坪,,0,0,0,0,0,0
17425,天漠,,0,0,0,0,0,0
38611,永春,,0,0,0,0,0,0
62901,疏勒,,0,0,0,0,0,0
21317,样边长城,,0,0,0,0,0,0
64552,诏安,,0,0,0,0,0,0
141556,伽师,,0,0,0,0,0,0
19109,东猴顶,,0,0,0,0,0,0
29809,建瓯,,0,0,0,0,0,0
62849,疏附,,0,0,0,0,0,0
10716,长嵯,,0,0,0,0,0,0
18428,塔下,,0,0,0,0,0,0
143390,宁县,,0,0,0,0,0,0
19902,潘家口水库,,0,0,0,0,0,0
143527,南安市,,0,0,0,0,0,0
141543,阿瓦提,,0,0,0,0,0,0
10094,洛阳,牡丹 博物馆 小吃 汤 洛阳水席 唐三彩 古建筑 赏花 青铜器,3482,2324,1153,970,131,70
140615,云霄县,,0,0,0,0,0,0
63551,泽库,,0,0,0,0,0,0
143364,蕉城,,0,0,0,0,0,0
143389,环县,,0,0,0,0,0,0
10794,郑州,烩面 胡辣汤 游乐园 酒吧 春游 羊汤 樱桃 德化街 大枣,1195,90,0,79,0,11
17804,樟脚村,,0,0,0,0,0,0
144171,贵南,,0,0,0,0,0,0
11242,开封,夜市 灌汤包 购物 菊花 古建筑 斗鸡 花生糕 年画,1689,582,117,280,137,48
64551,平和,,0,0,0,0,0,0
143388,华池,,0,0,0,0,0,0
11527,云台山,茱萸峰 潭瀑峡 猕猴表演 子房湖 水上乐园 农家菜 怀山药 闹汤驴肉 太极拳,1413,1620,904,114,62,540
18229,科古琴山,,0,0,0,0,0,0
64547,漳平,,32,0,0,0,0,0
143387,合水,,0,0,0,0,0,0
36437,闽清,,0,0,0,0,0,0
10449,少林寺,少林功夫 音乐大典 佛珠 不翻汤 素饼 浆面条 套四宝 大枣,497,46,0,0,0,46
143384,灵台,,0,0,0,0,0,0
64542,武平,,20,0,0,0,0,0
15228,嵩山,,596,0,0,0,0,0
174299,河南蒙古族自治县,,0,0,0,0,0,0
64553,华安,,0,0,0,0,0,0
11694,郭亮,绝壁长廊 天梯 影视村 烩面 红焖羊肉 野菜 鲤鱼 野果,549,288,263,25,0,0
62925,乌什县,,0,0,0,0,0,0
140685,将乐,,0,0,0,0,0,0
13805,安阳,博物馆 古迹 小吃 扁粉菜 粉浆饭 道口烧鸡 老庙牛肉 自然风光 咖啡馆,446,179,147,32,0,0
144758,白碱滩,,0,0,0,0,0,0
64555,顺昌,,0,0,0,0,0,0
143376,广河,,0,0,0,0,0,0
12099,焦作,,192,0,0,0,0,0
176237,龙文区,,0,0,0,0,0,0
62924,柯坪,,0,0,0,0,0,0
176267,翔安区,,0,0,0,0,0,0
13100,新乡,,289,0,0,0,0,0
143381,崇信,,0,0,0,0,0,0
64539,宁化,,0,0,0,0,0,0
10632,龙门石窟,,537,0,0,0,0,0
143382,华亭,,0,0,0,0,0,0
176288,秀屿区,,0,0,0,0,0,0
141552,洛浦,,0,0,0,0,0,0
13628,信阳,,314,0,0,0,0,0
17780,y埔村,,0,0,0,0,0,0
144173,兴海,,0,0,0,0,0,0
17245,三门峡,,245,0,0,0,0,0
64540,上杭,,0,0,0,0,0,0
141557,和布克赛尔,,0,0,0,0,0,0
34427,奇达村,,0,0,0,0,0,0
17396,南阳,,214,0,0,0,0,0
164876,隆德县,,0,0,0,0,0,0
64556,建阳区,,0,0,0,0,0,0
64201,登封,,111,0,0,0,0,0
174164,和田县,,0,0,0,0,0,0
143366,柘荣,,0,0,0,0,0,0
29364,柏杨河,,0,0,0,0,0,0
176279,马尾区,,0,0,0,0,0,0
174191,双河市,,0,0,0,0,0,0
64580,光泽,,0,0,0,0,0,0
144153,甘德县,,0,0,0,0,0,0
64554,邵武,,0,0,0,0,0,0
63510,称多,,0,0,0,0,0,0
176252,泉港区,,0,0,0,0,0,0
141546,新和,,0,0,0,0,0,0
143362,浦城,,0,0,0,0,0,0
141608,曲麻莱县,,0,0,0,0,0,0
143363,政和,,0,0,0,0,0,0
144166,彭阳,,0,0,0,0,0,0
143365,寿宁,,0,0,0,0,0,0
144273,延长县,,0,0,0,0,0,0
176240,延平区,,0,0,0,0,0,0
17098,孟达天池,,0,0,0,0,0,0
176285,涵江区,,0,0,0,0,0,0
16239,可可托海镇,,0,0,0,0,0,0
64557,松溪,,0,0,0,0,0,0
18030,帕米尔高原,,61,0,0,0,0,0
143528,明溪,,0,0,0,0,0,0
15594,巴音布鲁克,,71,0,0,0,0,0
176249,洛江区,,0,0,0,0,0,0
29093,霍尔果斯,,0,0,0,0,0,0
176222,清流县,,0,0,0,0,0,0
10022,黄河源头,,0,0,0,0,0,0
176231,大田县,,0,0,0,0,0,0
16017,鸣沙山,,191,0,0,0,0,0
84896,上街镇,,0,0,0,0,0,0
65505,巴伦台,,0,0,0,0,0,0
35478,冠豸山,,25,0,0,0,0,0
17990,艾比湖,,0,0,0,0,0,0
17695,大金湖,,0,0,0,0,0,0
165169,奥依塔克镇,,0,0,0,0,0,0
16649,太姥山,,163,0,0,0,0,0
18838,金丝峡,,0,0,0,0,0,0
32339,赵家堡,,0,0,0,0,0,0
17987,五彩滩,,0,0,0,0,0,0
28303,目屿岛,,0,0,0,0,0,0
17982,红其拉甫,,19,0,0,0,0,0
17049,漳州火山岛,,0,0,0,0,0,0
15955,那拉提,,0,0,0,0,0,0
16010,南普陀寺,,39,0,0,0,0,0
62846,阿合奇,,0,0,0,0,0,0
17803,清源山,,21,0,0,0,0,0
11457,阿尼玛卿,,0,0,0,0,0,0
19708,海门岛,,0,0,0,0,0,0
15993,茶卡盐湖,,341,0,0,0,0,0
18325,戴云山,,0,0,0,0,0,0
35453,哈拉湖,,0,0,0,0,0,0
37373,龙栖山,,0,0,0,0,0,0
11617,少华山,,0,0,0,0,0,0
24485,鼓山,,22,0,0,0,0,0
144172,同德县,,0,0,0,0,0,0
17800,三坊七巷,,0,0,0,0,0,0
17799,日月山,,19,0,0,0,0,0
19556,白水洋,,0,0,0,0,0,0
23024,五彩城,,0,0,0,0,0,0
10684,南京,自然风光 民国 六朝 南京小吃 鸭血粉丝汤 新街口 玩乐攻略 南京菜 盐水鸭,12977,10837,6823,2349,1104,561
18839,牛背梁,,0,0,0,0,0,0
10207,苏州,山水 园林 小资 古镇 传统娱乐 购物街 生煎 特色街区 老字号,11501,9000,5718,816,519,1947
19234,喀拉峻,,0,0,0,0,0,0
17991,慕士塔格峰,,0,0,0,0,0,0
10140,无锡,蠡湖 老建筑 老市井 夜生活 无锡小笼 水弄堂游船 三鲜馄饨 逛街,4169,2437,1016,451,134,836
17983,阿拉尔金草滩,,0,0,0,0,0,0
10128,扬州,园林 早茶 夜色 纪念馆 大煮干丝 扬州炒饭 老街 宗教 牛皮糖,3695,2587,931,1025,61,570
11729,周庄,古桥 万三蹄 传统娱乐 水乡菜 小资 水巷游览 古宅 南湖 水乡购物,1405,1010,395,283,0,332
10802,常州,自然风景 主题公园 古迹 砂锅鱼头 购物好地 小吃 泡温泉 乘游船 水世界,1120,1031,671,162,66,132
12059,镇江,必游 美食聚集地 博物馆 肴肉 自然风光 娱乐热门地 镇江香醋 餐饮名店 镇江酱菜,1128,1188,610,436,68,74
10435,同里,休闲 古镇游船 同里状元蹄 袜底酥 白鱼 昆曲表演,1003,398,0,140,0,258
10804,连云港,原生态 度假 吃海鲜 水晶雕 商场 家常菜 铜蟹 海产品,604,348,104,102,48,94
11431,徐州,,566,0,0,0,0,0
15967,无锡灵山,城市攻略>,446,0,0,0,0,0
