name,data-id
台北,10819
垦丁,21434
花莲,15325
高雄,11065
台中,16405
九份,23039
阿里山,10044
金门,25339
台南,11064
大阪,10765
东京,10222
京都,11042
札幌,10769
箱根,10768
名古屋,11043
奈良,16283
登别,59481
关西,154825
曼谷,11045
普吉岛,11047
清迈,15284
苏梅岛,14210
甲米,16980
芭提雅,11046
拜县,24356
象岛,16209
华欣,24711
丽江,10186
大理,10487
昆明,10807
泸沽湖,10121
香格里拉,10482
西双版纳,10809
腾冲,10651
双廊,15950
束河,10018
塞班岛,10077
洛杉矶,10926
旧金山,10742
纽约,10579
拉斯维加斯,10923
美国西海岸,10118
西雅图,10929
华盛顿,10745
奥兰多,10917
悉尼,10855
墨尔本,10856
黄金海岸,17339
凯恩斯,10858
布里斯班,10857
珀斯,10861
大洋路,30164
大堡礁,19036
阿德莱德,15696
马累,11068
库拉玛提岛,185471
中央格兰德岛,38074
阿雅达岛,33109
莉莉岛,36842
神仙珊瑚岛,185153
薇拉瓦鲁岛,17748
都喜天阙岛,36798
港丽岛,37529
